full_address,street,house_number,floors,year_built,wall_material,entrance_count,coordinates,data_source,confidence_level
"2 к-ный проезд, 2",2 к-ный проезд,2,2.0,1971.0,Кирпич,,,base,medium
"2-ая вод-я, 16а",2-ая вод-я,16а,2.0,1982.0,Панель,,,base+2gis,high
"2-я первомай-я, 2",2-я первомай-я,2,2.0,1956.0,Шлакоблок,,,base,medium
"2-я первомай-я, 3",2-я первомай-я,3,2.0,1956.0,Шлакоблок,,,base,medium
"2-я первомай-я, 5",2-я первомай-я,5,2.0,1956.0,Шлакоблок,,,base,medium
"2-я первомай-я, 7",2-я первомай-я,7,2.0,1957.0,Силикатный щит,,,base,medium
"2вод-я, 24",2вод-я,24,2.0,1980.0,Панель,,,base+2gis,high
"2первомайская, 1",2первомайская,1,2.0,1956.0,Шлакоблок,,,base,medium
"3 к-ный пр, 14",3 к-ный пр,14,2.0,1962.0,Кирпич,,,base,medium
"3 к-ный пр, 4",3 к-ный пр,4,2.0,1962.0,Кирпич,,,base,medium
"314 с.див., 7",314 с.див.,7,5.0,1976.0,Кирпич,,,base,medium
"314 с.дивиз., 64",314 с.дивиз.,64,5.0,1983.0,Панель,,,base,medium
"315 с.дивиз., 107",315 с.дивиз.,107,2.0,1950.0,Кирпич,,,base,medium
"316 с.дивиз., 138",316 с.дивиз.,138,5.0,1970.0,Кирпич,,,base,medium
"317 с.дивиз., 142",317 с.дивиз.,142,5.0,1969.0,Кирпич,,,base,medium
"318 с.дивиз., 150",318 с.дивиз.,150,5.0,1986.0,Кирпич,,,base,medium
"4 к-ный пр, 16",4 к-ный пр,16,1.0,1976.0,Кирпич,,,base,medium
"4 к-ный пр, 6",4 к-ный пр,6,2.0,1962.0,Кирпич,,,base,medium
"Абая, 102",Абая,102,5.0,1980.0,Панель,12.0,,base+2gis,high
"Абая, 120а",Абая,120а,5.0,1980.0,Панель,17.0,,base+2gis,high
"Абая, 30",Абая,30,9.0,1984.0,Панель,2.0,,base+2gis,high
"Абая, 31",Абая,31,5.0,1979.0,Панель,6.0,,base+2gis,high
"Абая, 33",Абая,33,5.0,1975.0,Панель,4.0,,base+2gis,high
"Абая, 34",Абая,34,5.0,1982.0,Панель,8.0,,base+2gis,high
"Абая, 35",Абая,35,5.0,1975.0,Панель,4.0,,base+2gis,high
"Абая, 40",Абая,40,5.0,1980.0,Панель,6.0,,base+2gis,high
"Абая, 43",Абая,43,5.0,1972.0,Панель,4.0,,base+2gis,high
"Абая, 45",Абая,45,5.0,1972.0,Панель,4.0,,base+2gis,high
"Абая, 47",Абая,47,5.0,1973.0,Панель,4.0,,base+2gis,high
"Абая, 49",Абая,49,5.0,1973.0,Панель,4.0,,base+2gis,high
"Абая, 51",Абая,51,5.0,1973.0,Панель,4.0,,base+2gis,high
"Абая, 53",Абая,53,5.0,1981.0,Панель,5.0,,base+2gis,high
"Абая, 57",Абая,57,5.0,1975.0,Кирпич,6.0,,base+2gis,high
"Абая, 59",Абая,59,9.0,1987.0,Панель,6.0,,base+2gis,high
"Абая, 61",Абая,61,5.0,1975.0,Панель,6.0,,base+2gis,high
"Абая, 62",Абая,62,5.0,1977.0,Панель,4.0,,base+2gis,high
"Абая, 63",Абая,63,5.0,1979.0,Панель,6.0,,base+2gis,high
"Абая, 65",Абая,65,5.0,1988.0,Кирпич,7.0,,base+2gis,high
"Абая, 66",Абая,66,5.0,1974.0,Панель,4.0,,base+2gis,high
"Абая, 67",Абая,67,5.0,1978.0,Панель,6.0,,base+2gis,high
"Абая, 68",Абая,68,5.0,1974.0,Панель,4.0,,base+2gis,high
"Абая, 69",Абая,69,4.0,1965.0,Панель,4.0,,base+2gis,high
"Абая, 70",Абая,70,5.0,1975.0,Панель,4.0,,base+2gis,high
"Абая, 71",Абая,71,6.0,1993.0,Кирпич,6.0,,base+2gis,high
"Абая, 81",Абая,81,9.0,1988.0,Панель,6.0,,base+2gis,high
"Абая, 82",Абая,82,5.0,1980.0,Кирпич,6.0,,base+2gis+internet_search,high
"Абая, 84",Абая,84,5.0,1974.0,Панель,6.0,,base+2gis,high
"Абая, 86",Абая,86,5.0,1973.0,Кирпич,4.0,,base+2gis,high
"Абая, 88",Абая,88,5.0,1971.0,Панель,6.0,,base+2gis,high
"Абая, 90",Абая,90,5.0,1975.0,Панель,6.0,,base+2gis,high
"Абая, 94",Абая,94,5.0,1976.0,Панель,8.0,,base+2gis,high
"Абая, 96",Абая,96,5.0,1975.0,Панель,6.0,,base+2gis,high
"Абая, 98",Абая,98,5.0,1978.0,Панель,8.0,,base+2gis,high
"Айыртауская, 1",Айыртауская,1,5.0,1971.0,Кирпич,3.0,,base+2gis,high
"Айыртауская, 10",Айыртауская,10,9.0,2007.0,Кирпич,2.0,,base+2gis+internet_search,high
"Айыртауская, 13",Айыртауская,13,5.0,1967.0,Кирпич,2.0,,base+2gis,high
"Айыртауская, 17",Айыртауская,17,9.0,2014.0,Кирпич,2.0,,base+2gis+internet_search,high
"Айыртауская, 2",Айыртауская,2,5.0,1960.0,Кирпич,,,base+2gis+internet_search+typical_data,medium
"Айыртауская, 3",Айыртауская,3,5.0,1968.0,Панель,8.0,,base+2gis,high
"Айыртауская, 4",Айыртауская,4,2.0,1958.0,Кирпич,3.0,,base+2gis,high
"Айыртауская, 5",Айыртауская,5,1.0,1965.0,Кирпич,,,base+2gis+internet_search,high
"Айыртауская, 6",Айыртауская,6,4.0,1960.0,Кирпич,,,base+2gis+internet_search,high
"Айыртауская, 7",Айыртауская,7,4.0,1960.0,Кирпич,,,base+2gis+internet_search,high
"Айыртауская, 8",Айыртауская,8,4.0,1960.0,Кирпич,2.0,,base+2gis,high
"Айыртауская, 9",Айыртауская,9,2.0,1965.0,Кирпич,,,base+2gis+internet_search,high
"Алма-атинская, 11",Алма-атинская,11,5.0,1976.0,Панель,6.0,,base+2gis,high
"Алма-атинская, 13",Алма-атинская,13,9.0,1985.0,Панель,6.0,,base+2gis,high
"Алма-атинская, 28",Алма-атинская,28,5.0,1969.0,Панель,6.0,,base+2gis,high
"Алма-атинская, 36",Алма-атинская,36,2.0,1975.0,Кирпич,,,base+2gis+internet_search,high
"Алма-атинская, 38",Алма-атинская,38,5.0,1979.0,Панель,6.0,,base+2gis,high
"Алма-атинская, 39",Алма-атинская,39,5.0,1970.0,Панель,6.0,,base+2gis,high
"Алма-атинская, 50",Алма-атинская,50,4.0,1975.0,Кирпич,4.0,,base+2gis+internet_search,high
"Алма-атинская, 6",Алма-атинская,6,5.0,1980.0,Панель,6.0,,base+2gis,high
"Алма-атинская, 9",Алма-атинская,9,5.0,1978.0,Панель,6.0,,base+2gis,high
"Алтынсарина, 161",Алтынсарина,161,5.0,1966.0,Панель,3.0,,base+2gis,high
"Алтынсарина, 165",Алтынсарина,165,5.0,1984.0,Панель,4.0,,base+2gis,high
"Алтынсарина, 172",Алтынсарина,172,4.0,1966.0,Кирпич,3.0,,base+2gis,high
"Алтынсарина, 188",Алтынсарина,188,5.0,1977.0,Панель,4.0,,base+2gis,high
"Алтынсарина, 194",Алтынсарина,194,5.0,1978.0,Панель,8.0,,base+2gis,high
"Алтынсарина, 200",Алтынсарина,200,5.0,1985.0,Панель,5.0,,base+2gis,high
"Алтынсарина, 201",Алтынсарина,201,2.0,1918.0,Кирпич,2.0,,base+2gis,high
"Алтынсарина, 213",Алтынсарина,213,2.0,1918.0,Кирпич,,,base+2gis,high
"Алтынсарина, 215",Алтынсарина,215,1.0,1918.0,Кирпич,,,base+2gis,high
"Алтынсарина, 216",Алтынсарина,216,6.0,1992.0,Кирпич,6.0,,base+2gis,high
"Алтынсарина, 217",Алтынсарина,217,1.0,1918.0,Дерево,,,base+2gis,high
"Алтынсарина, 221",Алтынсарина,221,5.0,1918.0,Силикатный щит,1.0,,base+2gis,high
"Алтынсарина, 231",Алтынсарина,231,5.0,1978.0,Панель,6.0,,base+2gis,high
"Алтынсарина, 240",Алтынсарина,240,5.0,1988.0,Панель,6.0,,base+2gis,high
"Алтынсарина, 262",Алтынсарина,262,6.0,1992.0,Кирпич,4.0,,base+2gis,high
"Алтынсарина, 264",Алтынсарина,264,6.0,1991.0,Кирпич,2.0,,base+2gis,high
"Алтынсарина, 266",Алтынсарина,266,5.0,1986.0,Панель,6.0,,base+2gis,high
"Алтынсарина, 339",Алтынсарина,339,5.0,1984.0,Кирпич,6.0,,base+2gis,high
"Алтынсарина, 4",Алтынсарина,4,3.0,1987.0,Кирпич,2.0,,base+2gis,high
"Амангельды, 141",Амангельды,141,4.0,1964.0,Кирпич,2.0,,base+2gis,high
"Амангельды, 143",Амангельды,143,4.0,1963.0,Кирпич,2.0,,base+2gis,high
"Амангельды, 149",Амангельды,149,1.0,1963.0,Кирпич,,,base+2gis,high
"Амангельды, 151",Амангельды,151,1.0,1963.0,Кирпич,,,base+2gis,high
"Амангельды, 153",Амангельды,153,1.0,1963.0,Кирпич,,,base+2gis,high
"Амангельды, 159",Амангельды,159,5.0,1970.0,Кирпич,2.0,,base+2gis,high
"Амангельды, 160",Амангельды,160,5.0,1985.0,Кирпич,4.0,,base+2gis,high
"Амангельды, 167",Амангельды,167,5.0,1977.0,Панель,4.0,,base+2gis,high
"Амангельды, 169",Амангельды,169,5.0,1977.0,Панель,4.0,,base+2gis,high
"Амангельды, 172",Амангельды,172,4.0,1965.0,Кирпич,2.0,,base+2gis,high
"Амангельды, 1а",Амангельды,1а,4.0,1989.0,Кирпич,2.0,,base+2gis,high
"Ауэзова, 147",Ауэзова,147,5.0,1984.0,Кирпич,7.0,,base+2gis,high
"Ауэзова, 150",Ауэзова,150,5.0,1972.0,Кирпич,6.0,,base+2gis,high
"Ауэзова, 152",Ауэзова,152,5.0,1975.0,Кирпич,6.0,,base+2gis,high
"Ауэзова, 153",Ауэзова,153,5.0,1967.0,Панель,4.0,,base+2gis,high
"Ауэзова, 160",Ауэзова,160,4.0,1961.0,Кирпич,2.0,,base+2gis,high
"Ауэзова, 161",Ауэзова,161,5.0,1978.0,Панель,6.0,,base+2gis,high
"Ауэзова, 162",Ауэзова,162,5.0,1961.0,Кирпич,2.0,,base+2gis,high
"Ауэзова, 167",Ауэзова,167,5.0,1972.0,Кирпич,4.0,,base+2gis,high
"Ауэзова, 168",Ауэзова,168,5.0,1965.0,Кирпич,4.0,,base+2gis,high
"Ауэзова, 173",Ауэзова,173,4.0,1961.0,Кирпич,4.0,,base+2gis,high
"Ауэзова, 174",Ауэзова,174,5.0,1976.0,Кирпич,6.0,,base+2gis,high
"Ауэзова, 180",Ауэзова,180,5.0,1970.0,Панель,8.0,,base+2gis,high
"Ауэзова, 182",Ауэзова,182,5.0,1970.0,Панель,8.0,,base+2gis,high
"Ауэзова, 184",Ауэзова,184,5.0,1987.0,Панель,6.0,,base+2gis,high
"Ауэзова, 187",Ауэзова,187,1.0,,Панель,,,base+2gis,medium
"Ауэзова, 200",Ауэзова,200,5.0,1967.0,Панель,2.0,,base+2gis,high
"Ауэзова, 30",Ауэзова,30,2.0,1980.0,Панель,3.0,,base+2gis+internet_search,high
"Ауэзова, 53",Ауэзова,53,6.0,1989.0,Панель,4.0,,base+2gis,high
"Ахременко, 2",Ахременко,2,5.0,1979.0,Кирпич,2.0,,base+2gis,high
"Ахременко, 3",Ахременко,3,5.0,1969.0,Кирпич,4.0,,base+2gis,high
"Ахременко, 4",Ахременко,4,5.0,1965.0,Кирпич,6.0,,base+2gis,high
"Б.петрова, 13",Б.петрова,13,2.0,1976.0,Дерево-кирпич,3.0,,base+2gis,high
"Б.петрова, 15",Б.петрова,15,2.0,1975.0,Кирпич,3.0,,base+2gis,high
"Б.петрова, 17",Б.петрова,17,2.0,1977.0,Дерево-блок,2.0,,base+2gis,high
"Б.петрова, 19",Б.петрова,19,2.0,1978.0,Кирпич,2.0,,base+2gis,high
"Базарбаева, 2",Базарбаева,2,2.0,1956.0,Кирпич,1.0,,base+2gis,high
"Базарбаева, 2б",Базарбаева,2б,5.0,1973.0,Панель,4.0,,base+2gis,high
"Березовая, 1",Березовая,1,2.0,1971.0,Кирпич,2.0,,base+2gis,high
"Березовая, 1б",Березовая,1б,4.0,,Кирпич,2.0,,base+2gis,medium
"Березовая, 2",Березовая,2,2.0,1971.0,Кирпич,2.0,,base+2gis,high
"Березовая, 3",Березовая,3,2.0,1971.0,Кирпич,2.0,,base+2gis,high
"Бостандыкская, 1",Бостандыкская,1,5.0,1963.0,Кирпич,3.0,,base+2gis,high
"Бостандыкская, 11",Бостандыкская,11,5.0,1963.0,Панель,4.0,,base+2gis,high
"Бостандыкская, 13",Бостандыкская,13,5.0,1963.0,Панель,4.0,,base+2gis,high
"Бостандыкская, 17",Бостандыкская,17,5.0,1970.0,Панель,6.0,,base+2gis,high
"Бостандыкская, 22",Бостандыкская,22,5.0,1983.0,Панель,6.0,,base+2gis,high
"Бостандыкская, 23",Бостандыкская,23,5.0,1973.0,Панель,6.0,,base+2gis,high
"Бостандыкская, 27",Бостандыкская,27,5.0,1982.0,Панель,8.0,,base+2gis,high
"Бостандыкская, 3",Бостандыкская,3,4.0,1964.0,Кирпич,4.0,,base+2gis,high
"Бостандыкская, 41",Бостандыкская,41,5.0,1982.0,Кирпич-блок,6.0,,base+2gis,high
"Бостандыкская, 54",Бостандыкская,54,5.0,1971.0,Кирпич,4.0,,base+2gis,high
"Бостандыкская, 56",Бостандыкская,56,5.0,1977.0,Панель,6.0,,base+2gis,high
"Бостандыкская, 78",Бостандыкская,78,5.0,1976.0,Панель,8.0,,base+2gis,high
"Бостандыкская, 86",Бостандыкская,86,5.0,1979.0,Панель,6.0,,base+2gis,high
"Брусиловского, 12",Брусиловского,12,5.0,1964.0,Панель,3.0,,base+2gis,high
"Брусиловского, 15",Брусиловского,15,5.0,1973.0,Панель,4.0,,base+2gis,high
"Брусиловского, 1а",Брусиловского,1а,2.0,1975.0,Панель,,,base+2gis+internet_search,high
"Брусиловского, 2",Брусиловского,2,5.0,1975.0,Кирпич,2.0,,base+2gis,high
"Брусиловского, 34",Брусиловского,34,5.0,1980.0,Панель,5.0,,base+2gis,high
"Брусиловского, 5",Брусиловского,5,5.0,1973.0,Панель,4.0,,base+2gis,high
"Брусиловского, 58",Брусиловского,58,5.0,1983.0,Кирпич,4.0,,base+2gis,high
"Брусиловского, 61",Брусиловского,61,5.0,1972.0,Панель,6.0,,base+2gis,high
"Брусиловского, 63",Брусиловского,63,5.0,1974.0,Панель,6.0,,base+2gis,high
"Брусиловского, 65",Брусиловского,65,5.0,1976.0,Панель-кирпич,6.0,,base+2gis,high
"Брусиловского, 70",Брусиловского,70,5.0,1983.0,Кирпич,3.0,,base+2gis,high
"Брусиловского, 74",Брусиловского,74,5.0,1980.0,Кирпич,4.0,,base+2gis,high
"Букетова, 10",Букетова,10,5.0,1970.0,Кирпич,2.0,,base+2gis,high
"Букетова, 14",Букетова,14,5.0,1964.0,Панель,4.0,,base+2gis,high
"Букетова, 18",Букетова,18,5.0,1964.0,Панель,4.0,,base+2gis,high
"Букетова, 2",Букетова,2,4.0,1960.0,Кирпич,4.0,,base+2gis,high
"Букетова, 20",Букетова,20,5.0,1985.0,Кирпич,4.0,,base+2gis,high
"Букетова, 27",Букетова,27,3.0,1963.0,Кирпич,,,base+2gis,high
"Букетова, 29",Букетова,29,2.0,1963.0,Кирпич,,,base+2gis,high
"Букетова, 3",Букетова,3,5.0,1970.0,Панель,6.0,,base+2gis,high
"Букетова, 30",Букетова,30,5.0,1972.0,Кирпич,4.0,,base+2gis,high
"Букетова, 31",Букетова,31,1.0,1963.0,Кирпич,,,base+2gis,high
"Букетова, 32",Букетова,32,5.0,1975.0,Кирпич,2.0,,base+2gis,high
"Букетова, 35",Букетова,35,1.0,1963.0,Кирпич,,,base+2gis,high
"Букетова, 38",Букетова,38,5.0,1966.0,Кирпич,4.0,,base+2gis,high
"Букетова, 42",Букетова,42,4.0,1962.0,Кирпич,4.0,,base+2gis,high
"Букетова, 44",Букетова,44,5.0,1963.0,Кирпич,4.0,,base+2gis,high
"Букетова, 46",Букетова,46,4.0,1951.0,Кирпич,4.0,,base+2gis,high
"Букетова, 48",Букетова,48,5.0,1970.0,Кирпич,4.0,,base+2gis,high
"Букетова, 49",Букетова,49,5.0,1969.0,Кирпич,4.0,,base+2gis,high
"Букетова, 5",Букетова,5,5.0,1976.0,Панель,6.0,,base+2gis,high
"Букетова, 51",Букетова,51,5.0,1969.0,Панель,8.0,,base+2gis,high
"Букетова, 53",Букетова,53,5.0,1975.0,Панель,6.0,,base+2gis,high
"Букетова, 54",Букетова,54,5.0,1977.0,Кирпич,6.0,,base+2gis,high
"Букетова, 57",Букетова,57,5.0,1977.0,Панель,4.0,,base+2gis,high
"Букетова, 58",Букетова,58,5.0,1980.0,Кирпич,6.0,,base+2gis,high
"Букетова, 59",Букетова,59,5.0,1977.0,Панель,4.0,,base+2gis,high
"Букетова, 61",Букетова,61,5.0,1978.0,Панель,6.0,,base+2gis,high
"Букетова, 65",Букетова,65,5.0,1977.0,Панель,11.0,,base+2gis,high
"Букетова, 77",Букетова,77,5.0,1978.0,Панель,6.0,,base+2gis,high
"Букетова, 79",Букетова,79,5.0,1977.0,Панель,6.0,,base+2gis,high
"Букетова, 9",Букетова,9,5.0,1980.0,Панель,5.0,,base+2gis,high
"Васильева, 11",Васильева,11,1.0,1988.0,Кирпич,,,base+2gis,high
"Васильева, 17",Васильева,17,1.0,1975.0,Кирпич,,,base+2gis,high
"Васильева, 34",Васильева,34,1.0,1961.0,Кирпич,,,base+2gis,high
"Васильева, 36",Васильева,36,1.0,1962.0,Кирпич,,,base+2gis,high
"Васильева, 40",Васильева,40,5.0,1980.0,Кирпич,,,base+2gis,high
"Васильева, 63",Васильева,63,3.0,1974.0,Кирпич,2.0,,base+2gis,high
"Васильева, 7",Васильева,7,1.0,1977.0,Кирпич,,,base+2gis,high
"Васильева, 9",Васильева,9,1.0,1981.0,Кирпич,4.0,,base+2gis,high
"Вильямса, 30",Вильямса,30,2.0,1986.0,Кирпич,2.0,,base+2gis,high
"Вод-я, 53",Вод-я,53,1.0,1976.0,Панель,,,base+2gis,high
"Водост-я, 110",Водост-я,110,2.0,1968.0,Кирпич,,,base+2gis,high
"Водост-я, 112",Водост-я,112,2.0,1968.0,Кирпич,,,base+2gis,high
"Водост-я, 116",Водост-я,116,2.0,1967.0,Силикатный щит,,,base+2gis,high
"Водост-я, 118",Водост-я,118,2.0,1967.0,Силикатный щит,,,base+2gis,high
"Водост-я, 120",Водост-я,120,2.0,1968.0,Силикатный щит,,,base+2gis,high
"Водост-я, 122",Водост-я,122,2.0,1969.0,Кирпич,,,base+2gis,high
"Водост-я, 124",Водост-я,124,2.0,1972.0,Кирпич,,,base+2gis,high
"Водост-я, 126",Водост-я,126,2.0,1972.0,Кирпич,,,base+2gis,high
"Водост-я, 128",Водост-я,128,2.0,1972.0,Кирпич,,,base+2gis,high
"Водост-я, 130",Водост-я,130,2.0,1973.0,Кирпич,,,base+2gis,high
"Водост-я, 130а",Водост-я,130а,2.0,1985.0,Кирпич,,,base+2gis,high
"Водост-я, 136",Водост-я,136,2.0,1980.0,Кирпич,,,base+2gis,high
"Водост-я, 55",Водост-я,55,1.0,1976.0,Кирпич,,,base+2gis,high
"Волод-о, 3",Волод-о,3,5.0,1986.0,Кирпич,1.0,,base+2gis,high
"Волод-о, 75",Волод-о,75,5.0,1979.0,Панель,6.0,,base+2gis,high
"Волод-о, 77",Волод-о,77,5.0,1983.0,Панель,,,base,medium
"Волод-о, 94",Волод-о,94,5.0,1977.0,Панель,,,base,medium
"Воровского, 73",Воровского,73,6.0,1994.0,Кирпич,,,base,medium
"Воровского, 79",Воровского,79,5.0,1993.0,Кирпич,,,base,medium
"Гагарина, 2",Гагарина,2,3.0,1992.0,Кирпич,,,base,medium
"Гагарина, 23",Гагарина,23,9.0,1997.0,Кирпич,,,base+internet_search,medium
"Гагарина, 25",Гагарина,25,9.0,1991.0,Кирпич,,,base+internet_search,medium
"Гагарина, 4",Гагарина,4,3.0,1985.0,Кирпич,,,base,medium
"Гагарина, 5",Гагарина,5,4.0,1985.0,Панель,,,base,medium
"Гагарина, 7",Гагарина,7,4.0,1985.0,Панель,,,base,medium
"Гагарина, 9",Гагарина,9,4.0,1990.0,Панель-кирпич,,,base,medium
"Гоголя, 13",Гоголя,13,5.0,1974.0,Кирпич,,,base,medium
"Гоголя, 14",Гоголя,14,5.0,1974.0,СВП,,,base,medium
"Гоголя, 19",Гоголя,19,5.0,1975.0,СВП,,,base,medium
"Гоголя, 20",Гоголя,20,5.0,1981.0,Панель,,,base,medium
"Гоголя, 25",Гоголя,25,5.0,1978.0,Панель,,,base,medium
"Гоголя, 31",Гоголя,31,5.0,1989.0,Кирпич,,,base,medium
"Гоголя, 36",Гоголя,36,5.0,1981.0,Панель,,,base,medium
"Гоголя, 9",Гоголя,9,5.0,1976.0,Кирпич,,,base,medium
"Горького, 166",Горького,166,5.0,1974.0,Панель,,,base,medium
"Горького, 172",Горького,172,5.0,1964.0,Кирпич,,,base,medium
"Горького, 173",Горького,173,6.0,1987.0,Панель,,,base,medium
"Горького, 175",Горького,175,6.0,1987.0,Панель,,,base,medium
"Горького, 179",Горького,179,5.0,1983.0,Панель,,,base,medium
"Джамбула(старое), 1",Джамбула(старое),1,2.0,,,,,base,low
"Дусух-ва, 11",Дусух-ва,11,3.0,1995.0,Кирпич,,,base,medium
"Дусух-ва, 13",Дусух-ва,13,3.0,1995.0,Кирпич,,,base,medium
"Дусух-ва, 17",Дусух-ва,17,4.0,1994.0,Кирпич,,,base,medium
"Дусух-ва, 2",Дусух-ва,2,3.0,1995.0,Кирпич,,,base,medium
"Дусух-ва, 8",Дусух-ва,8,4.0,1995.0,Панель,,,base,medium
"Жамбыла, 10",Жамбыла,10,2.0,1975.0,Дерево,,,base,medium
"Жамбыла, 12",Жамбыла,12,2.0,1973.0,Кирпич-блок,,,base,medium
"Жамбыла, 121",Жамбыла,121,9.0,1986.0,Панель,,,base,medium
"Жамбыла, 123",Жамбыла,123,9.0,,Панель,,,base,low
"Жамбыла, 133",Жамбыла,133,5.0,1978.0,Кирпич,,,base,medium
"Жамбыла, 135",Жамбыла,135,4.0,1962.0,Кирпич,,,base,medium
"Жамбыла, 137",Жамбыла,137,4.0,1962.0,Кирпич,,,base,medium
"Жамбыла, 139",Жамбыла,139,3.0,1961.0,Кирпич,,,base,medium
"Жамбыла, 14",Жамбыла,14,2.0,1972.0,Шлакоблок,,,base,medium
"Жамбыла, 141",Жамбыла,141,5.0,,Кирпич,,,base,low
"Жамбыла, 143",Жамбыла,143,5.0,1971.0,Кирпич,,,base,medium
"Жамбыла, 147",Жамбыла,147,5.0,1971.0,Кирпич,,,base,medium
"Жамбыла, 149",Жамбыла,149,4.0,1962.0,Кирпич,,,base,medium
"Жамбыла, 150",Жамбыла,150,10.0,,Панель,,,base,low
"Жамбыла, 151",Жамбыла,151,5.0,1970.0,Кирпич,,,base,medium
"Жамбыла, 152",Жамбыла,152,5.0,1986.0,Панель,,,base,medium
"Жамбыла, 153",Жамбыла,153,5.0,1971.0,Кирпич,,,base,medium
"Жамбыла, 154",Жамбыла,154,9.0,1986.0,Панель,,,base,medium
"Жамбыла, 156",Жамбыла,156,9.0,1989.0,Панель,,,base,medium
"Жамбыла, 158",Жамбыла,158,5.0,1986.0,Панель,,,base,medium
"Жамбыла, 159",Жамбыла,159,4.0,1962.0,Кирпич,,,base,medium
"Жамбыла, 16",Жамбыла,16,2.0,1971.0,Кирпич,,,base,medium
"Жамбыла, 160",Жамбыла,160,9.0,1986.0,Панель,,,base,medium
"Жамбыла, 163",Жамбыла,163,4.0,1958.0,Кирпич,,,base,medium
"Жамбыла, 167",Жамбыла,167,5.0,1966.0,Панель,,,base,medium
"Жамбыла, 169",Жамбыла,169,5.0,1976.0,Панель,,,base,medium
"Жамбыла, 173",Жамбыла,173,5.0,1968.0,Панель,,,base,medium
"Жамбыла, 176",Жамбыла,176,2.0,,Кирпич,,,base,low
"Жамбыла, 177",Жамбыла,177,5.0,1972.0,Панель,,,base,medium
"Жамбыла, 18",Жамбыла,18,2.0,1957.0,Кирпич,,,base,medium
"Жамбыла, 188",Жамбыла,188,5.0,,Кирпич,,,base,low
"Жамбыла, 20",Жамбыла,20,2.0,1957.0,Кирпич,,,base,medium
"Жамбыла, 22",Жамбыла,22,2.0,1969.0,Кирпич,,,base,medium
"Жамбыла, 228",Жамбыла,228,9.0,1972.0,Кирпич,,,base,medium
"Жамбыла, 230",Жамбыла,230,9.0,1974.0,Кирпич,,,base,medium
"Жамбыла, 234",Жамбыла,234,2.0,1965.0,Кирпич,,,base,medium
"Жамбыла, 254",Жамбыла,254,1.0,1963.0,Кирпич,,,base,medium
"Жамбыла, 258",Жамбыла,258,5.0,,Кирпич,,,base,low
"Жамбыла, 262",Жамбыла,262,5.0,1967.0,Кирпич,,,base,medium
"Жамбыла, 270",Жамбыла,270,5.0,,Панель,,,base,low
"Жамбыла, 272",Жамбыла,272,5.0,,Кирпич,,,base,low
"Жамбыла, 274",Жамбыла,274,5.0,1980.0,Панель,,,base+internet_search,medium
"Жамбыла, 276",Жамбыла,276,4.0,,Кирпич,,,base,low
"Жамбыла, 292",Жамбыла,292,5.0,1980.0,Панель,,,base+internet_search,medium
"Жамбыла, 294",Жамбыла,294,5.0,,Панель,,,base,low
"Жамбыла, 296",Жамбыла,296,5.0,,Панель,,,base,low
"Жамбыла, 4",Жамбыла,4,2.0,1958.0,Кирпич,,,base,medium
"Жамбыла, 59",Жамбыла,59,2.0,1959.0,Кирпич,,,base,medium
"Жамбыла, 61",Жамбыла,61,2.0,1952.0,Шлакоблок,,,base,medium
"Жамбыла, 63",Жамбыла,63,2.0,1955.0,Шлакоблок,,,base,medium
"Жамбыла, 65",Жамбыла,65,2.0,1957.0,Кирпич,,,base,medium
"Жамбыла, 76",Жамбыла,76,4.0,1961.0,Кирпич,,,base,medium
"Жамбыла, 8",Жамбыла,8,3.0,1959.0,Кирпич,,,base,medium
"Жамбыла, 80",Жамбыла,80,2.0,1961.0,Кирпич,,,base,medium
"Жамбыла, 82",Жамбыла,82,2.0,1961.0,Кирпич,,,base,medium
"Жамбыла, 84",Жамбыла,84,2.0,1961.0,Кирпич,,,base,medium
"Жамбыла, 86",Жамбыла,86,4.0,1961.0,Кирпич,,,base,medium
"Жамбыла, 88",Жамбыла,88,5.0,1963.0,Панель,,,base,medium
"Жамбыла, 90",Жамбыла,90,5.0,1966.0,Панель,,,base,medium
"Жамбыла, 92",Жамбыла,92,5.0,1966.0,Панель,,,base,medium
"Жамбыла, 94",Жамбыла,94,5.0,1966.0,Панель,,,base,medium
"Жамбыла, 96",Жамбыла,96,5.0,1966.0,Панель,,,base,medium
"Жамбыла, 98",Жамбыла,98,5.0,1965.0,Панель,,,base,medium
Жамбыла,Жамбыла,,,,,,,base,low
"Жукова, 1",Жукова,1,6.0,1990.0,Кирпич,,,base,medium
"Жукова, 11",Жукова,11,5.0,1991.0,Панель,,,base,medium
"Жукова, 13",Жукова,13,10.0,1993.0,Панель,,,base,medium
"Жукова, 21",Жукова,21,9.0,1994.0,Панель,,,base,medium
"Жукова, 21а",Жукова,21а,10.0,1994.0,Панель,,,base,medium
"Жукова, 21б",Жукова,21б,10.0,1994.0,Панель,,,base,medium
"Жукова, 23",Жукова,23,10.0,1994.0,Панель,,,base,medium
"Жукова, 3",Жукова,3,6.0,1990.0,Кирпич,,,base,medium
"Жукова, 4",Жукова,4,10.0,1994.0,Панель,,,base+internet_search,medium
"Жукова, 5",Жукова,5,6.0,1993.0,Кирпич,,,base,medium
"Жукова, 5а",Жукова,5а,5.0,1993.0,Панель,,,base,medium
"Жукова, 7",Жукова,7,10.0,1991.0,Панель,,,base,medium
"Жукова, 9",Жукова,9,10.0,1988.0,Панель,,,base,medium
"Жумабаева, 101",Жумабаева,101,5.0,1970.0,Кирпич,,,base,medium
"Жумабаева, 102",Жумабаева,102,5.0,1974.0,Панель,,,base,medium
"Жумабаева, 105",Жумабаева,105,5.0,1965.0,Кирпич,,,base,medium
"Жумабаева, 107",Жумабаева,107,5.0,1964.0,Панель,,,base,medium
"Жумабаева, 108",Жумабаева,108,5.0,1970.0,Кирпич,,,base,medium
"Жумабаева, 113",Жумабаева,113,9.0,1982.0,Панель,,,base,medium
"Жумабаева, 115",Жумабаева,115,9.0,1992.0,Панель,,,base,medium
"Жумабаева, 116",Жумабаева,116,9.0,1984.0,Панель,,,base,medium
"Жумабаева, 154",Жумабаева,154,9.0,1990.0,Панель,,,base,medium
"Жумабаева, 290",Жумабаева,290,5.0,1975.0,Панель,,,base,medium
"Жумабаева, 359",Жумабаева,359,9.0,,,,,base,low
"Жумабаева, 361",Жумабаева,361,9.0,,,,,base,low
"Жумабаева, 363",Жумабаева,363,9.0,,Панель,,,base,low
"Жумабаева, 59",Жумабаева,59,5.0,1996.0,Панель,,,base,medium
"Жумабаева, 76",Жумабаева,76,9.0,1986.0,Кирпич,,,base,medium
"Жумабаева, 93",Жумабаева,93,7.0,1982.0,Панель,,,base,medium
"Жумабаева, 95",Жумабаева,95,5.0,1980.0,Панель,,,base,medium
"Жумабаева, 98",Жумабаева,98,5.0,1987.0,Кирпич,,,base,medium
"З.косм-й, 1",З.косм-й,1,2.0,1947.0,Кирпич,,,base,medium
"Заводская, 18",Заводская,18,5.0,1968.0,Кирпич,,,base,medium
"Заводская, 22",Заводская,22,5.0,1963.0,Панель,,,base,medium
"Заводская, 23",Заводская,23,5.0,1969.0,Кирпич,,,base+typical_data,low
"Заводская, 24",Заводская,24,2.0,1958.0,Кирпич,,,base+typical_data,low
"Заводская, 28",Заводская,28,2.0,1960.0,Кирпич,,,base+typical_data,low
"Заводская, 30",Заводская,30,2.0,1961.0,Кирпич,,,base+typical_data,low
"Заводская, 32",Заводская,32,3.0,1956.0,Кирпич,,,base+typical_data,low
"Заводская, 34",Заводская,34,2.0,1954.0,Кирпич,,,base+typical_data,low
"Заводская, 36",Заводская,36,5.0,1968.0,Панель,,,base,medium
"Заозерная, 30",Заозерная,30,2.0,1985.0,Кирпич,,,base,medium
"Заречная 1, 97",Заречная 1,97,3.0,1975.0,Кирпич,,,base,medium
"Заречная 2, 51",Заречная 2,51,3.0,1987.0,Кирпич,,,base,medium
"Заречная 2, 51а",Заречная 2,51а,3.0,1989.0,Кирпич,,,base,medium
"Заречная 2, 54",Заречная 2,54,3.0,1987.0,Кирпич,,,base,medium
"Заречная 2, 56",Заречная 2,56,3.0,1989.0,Кирпич,,,base,medium
"Заречная 2, 58",Заречная 2,58,3.0,1987.0,Кирпич,,,base,medium
"Зеленая, 20",Зеленая,20,3.0,1982.0,Кирпич,,,base,medium
"Зои косм-й, 10",Зои косм-й,10,3.0,1961.0,Панель,,,base,medium
"Зои косм-й, 12",Зои косм-й,12,2.0,1939.0,Кирпич,,,base,medium
"Зои косм-й, 14",Зои косм-й,14,2.0,1939.0,Кирпич,,,base,medium
"Зои косм-й, 2",Зои косм-й,2,2.0,1940.0,Кирпич,,,base,medium
"Зои косм-й, 3",Зои косм-й,3,2.0,1946.0,Кирпич,,,base,medium
"Зои косм-й, 39",Зои косм-й,39,1.0,1937.0,Шлакоблок,,,base,medium
"Зои косм-й, 4",Зои косм-й,4,2.0,1940.0,Кирпич,,,base,medium
"Зои косм-й, 41",Зои косм-й,41,1.0,1957.0,Дерево,,,base,medium
"Зои косм-й, 5",Зои косм-й,5,2.0,1940.0,Кирпич,,,base,medium
"Зои косм-й, 6",Зои косм-й,6,3.0,1961.0,Панель,,,base,medium
"Зои косм-й, 7",Зои косм-й,7,2.0,1947.0,Шлакоблок,,,base,medium
"Зои косм-й, 8",Зои косм-й,8,2.0,1939.0,Кирпич,,,base,medium
"Интер-ая, 10",Интер-ая,10,5.0,1965.0,Панель,,,base,medium
"Интер-ая, 11",Интер-ая,11,4.0,1960.0,Кирпич,,,base,medium
"Интер-ая, 12",Интер-ая,12,5.0,1965.0,Панель,,,base,medium
"Интер-ая, 13",Интер-ая,13,4.0,1961.0,Панель,,,base,medium
"Интер-ая, 14",Интер-ая,14,5.0,1975.0,Панель,,,base+internet_search,medium
"Интер-ая, 15",Интер-ая,15,4.0,1961.0,Панель,,,base,medium
"Интер-ая, 16",Интер-ая,16,2.0,1959.0,Кирпич,,,base,medium
"Интер-ая, 17",Интер-ая,17,5.0,1975.0,Панель,,,base+internet_search,medium
"Интер-ая, 18",Интер-ая,18,2.0,1958.0,Панель,,,base,medium
"Интер-ая, 19",Интер-ая,19,4.0,1969.0,Кирпич,,,base,medium
"Интер-ая, 2",Интер-ая,2,5.0,1968.0,Панель,,,base,medium
"Интер-ая, 20",Интер-ая,20,2.0,1958.0,Панель,,,base,medium
"Интер-ая, 21",Интер-ая,21,5.0,1971.0,Кирпич,,,base,medium
"Интер-ая, 22",Интер-ая,22,5.0,1969.0,Панель,,,base,medium
"Интер-ая, 23",Интер-ая,23,5.0,1975.0,Панель,,,base+internet_search,medium
"Интер-ая, 24",Интер-ая,24,5.0,1961.0,Панель,,,base,medium
"Интер-ая, 25",Интер-ая,25,5.0,1964.0,Панель,,,base,medium
"Интер-ая, 26",Интер-ая,26,,,,,,base,low
"Интер-ая, 27",Интер-ая,27,5.0,1963.0,Кирпич,,,base,medium
"Интер-ая, 28",Интер-ая,28,,,,,,base,low
"Интер-ая, 29",Интер-ая,29,5.0,1964.0,Панель,,,base,medium
"Интер-ая, 2а",Интер-ая,2а,5.0,1978.0,Кирпич,,,base,medium
"Интер-ая, 3",Интер-ая,3,4.0,1961.0,Панель,,,base,medium
"Интер-ая, 30",Интер-ая,30,5.0,1966.0,Кирпич,,,base,medium
"Интер-ая, 31",Интер-ая,31,2.0,1954.0,Кирпич,,,base,medium
"Интер-ая, 32",Интер-ая,32,5.0,1964.0,Панель,,,base,medium
"Интер-ая, 33",Интер-ая,33,5.0,1956.0,Кирпич,,,base,medium
"Интер-ая, 34",Интер-ая,34,5.0,1963.0,Панель,,,base,medium
"Интер-ая, 35",Интер-ая,35,4.0,1964.0,Кирпич,,,base,medium
"Интер-ая, 38",Интер-ая,38,5.0,1964.0,Панель,,,base,medium
"Интер-ая, 39",Интер-ая,39,5.0,1969.0,Кирпич,,,base,medium
"Интер-ая, 4",Интер-ая,4,5.0,1967.0,Кирпич,,,base,medium
"Интер-ая, 40",Интер-ая,40,5.0,1965.0,Панель,,,base,medium
"Интер-ая, 41",Интер-ая,41,5.0,1965.0,Панель,,,base,medium
"Интер-ая, 43",Интер-ая,43,5.0,1965.0,Кирпич,,,base,medium
"Интер-ая, 44",Интер-ая,44,4.0,1964.0,Панель,,,base,medium
"Интер-ая, 46",Интер-ая,46,4.0,1960.0,Кирпич,,,base,medium
"Интер-ая, 47",Интер-ая,47,4.0,1967.0,Кирпич,,,base,medium
"Интер-ая, 48",Интер-ая,48,5.0,1973.0,Панель,,,base,medium
"Интер-ая, 49",Интер-ая,49,2.0,1969.0,Кирпич,,,base,medium
"Интер-ая, 5",Интер-ая,5,4.0,1961.0,Кирпич,,,base,medium
"Интер-ая, 50",Интер-ая,50,4.0,1965.0,Кирпич,,,base,medium
"Интер-ая, 52",Интер-ая,52,4.0,1965.0,Кирпич,,,base,medium
"Интер-ая, 53",Интер-ая,53,4.0,1960.0,Кирпич,,,base,medium
"Интер-ая, 54",Интер-ая,54,2.0,1956.0,Шлакоблок,,,base,medium
"Интер-ая, 55",Интер-ая,55,4.0,1963.0,Кирпич,,,base,medium
"Интер-ая, 56",Интер-ая,56,5.0,1963.0,Кирпич,,,base,medium
"Интер-ая, 57",Интер-ая,57,5.0,1960.0,Кирпич,,,base,medium
"Интер-ая, 58",Интер-ая,58,5.0,1965.0,Панель,,,base,medium
"Интер-ая, 59",Интер-ая,59,4.0,1966.0,Кирпич,,,base,medium
"Интер-ая, 6",Интер-ая,6,5.0,1965.0,Панель,,,base,medium
"Интер-ая, 62",Интер-ая,62,5.0,1963.0,Панель,,,base,medium
"Интер-ая, 64",Интер-ая,64,5.0,1963.0,Панель,,,base,medium
"Интер-ая, 68",Интер-ая,68,5.0,1976.0,Кирпич,,,base,medium
"Интер-ая, 7",Интер-ая,7,,,,,,base,low
"Интер-ая, 71",Интер-ая,71,5.0,1967.0,Кирпич,,,base,medium
"Интер-ая, 74",Интер-ая,74,2.0,1963.0,Кирпич,,,base,medium
"Интер-ая, 75",Интер-ая,75,5.0,1973.0,Кирпич,,,base,medium
"Интер-ая, 76",Интер-ая,76,9.0,1963.0,Кирпич,,,base+internet_search,medium
"Интер-ая, 77",Интер-ая,77,5.0,1972.0,Кирпич,,,base,medium
"Интер-ая, 78",Интер-ая,78,9.0,1962.0,Кирпич,,,base+internet_search,medium
"Интер-ая, 79",Интер-ая,79,5.0,1968.0,Панель,,,base,medium
"Интер-ая, 8",Интер-ая,8,5.0,1965.0,Панель,,,base,medium
"Интер-ая, 83",Интер-ая,83,10.0,1992.0,Кирпич,,,base,medium
"Интер-ая, 9",Интер-ая,9,4.0,1962.0,Кирпич,,,base,medium
"Интер-ая, 92",Интер-ая,92,5.0,1972.0,Панель,,,base,medium
"Интер-ая, 94",Интер-ая,94,5.0,1975.0,Кирпич,,,base,medium
"Интер-ая, 98",Интер-ая,98,5.0,1987.0,Кирпич,,,base,medium
"Интер-я, 1",Интер-я,1,,,,,,base,low
"Исмаилова, 11",Исмаилова,11,2.0,1965.0,Кирпич,,,base,medium
"Исмаилова, 13",Исмаилова,13,2.0,1950.0,Кирпич,,,base,medium
"Исмаилова, 41",Исмаилова,41,2.0,1955.0,Шлакоблок,,,base,medium
"Ишимская, 34",Ишимская,34,5.0,1995.0,Кирпич,,,base,medium
"К. либнехта, 129",К. либнехта,129,2.0,1949.0,Шлакоблок,,,base,medium
"К. либнехта, 131",К. либнехта,131,1.0,1949.0,Шлакоблок,,,base,medium
"К. либнехта, 133",К. либнехта,133,1.0,1949.0,Шлакоблок,,,base,medium
"К. либнехта, 135",К. либнехта,135,1.0,1952.0,Шлакоблок,,,base,medium
"К. либнехта, 136",К. либнехта,136,2.0,1957.0,Кирпич,,,base,medium
"К. либнехта, 139",К. либнехта,139,2.0,1958.0,Шлакоблок,,,base,medium
"К. либнехта, 14",К. либнехта,14,5.0,1990.0,Кирпич,,,base,medium
"К. либнехта, 140",К. либнехта,140,1.0,1957.0,Шлакоблок,,,base,medium
"К. либнехта, 142",К. либнехта,142,1.0,1957.0,Шлакоблок,,,base,medium
"К. либнехта, 15",К. либнехта,15,10.0,,Панель,,,base,low
"К. либнехта пр., 15",К. либнехта пр.,15,10.0,1990.0,Панель,,,base,medium
"К.сутюшева, 10",К.сутюшева,10,1.0,1957.0,Силикатный щит,,,base,medium
"К.сутюшева, 15",К.сутюшева,15,9.0,1989.0,Панель,,,base,medium
"К.сутюшева, 17",К.сутюшева,17,9.0,1984.0,Панель,,,base,medium
"К.сутюшева, 18",К.сутюшева,18,5.0,1984.0,Кирпич,,,base,medium
"К.сутюшева, 21",К.сутюшева,21,9.0,1989.0,Кирпич,,,base,medium
"К.сутюшева, 23",К.сутюшева,23,9.0,1987.0,Панель,,,base,medium
"К.сутюшева, 38",К.сутюшева,38,2.0,1961.0,Кирпич,,,base,medium
"К.сутюшева, 43",К.сутюшева,43,9.0,1980.0,Кирпич,,,base,medium
"К.сутюшева, 47",К.сутюшева,47,5.0,1975.0,Кирпич,,,base,medium
"К.сутюшева, 49",К.сутюшева,49,5.0,1976.0,Кирпич,,,base,medium
"К.сутюшева, 51",К.сутюшева,51,5.0,1976.0,Кирпич,,,base,medium
"К.сутюшева, 53",К.сутюшева,53,9.0,1981.0,Кирпич,,,base,medium
"К.сутюшева, 57",К.сутюшева,57,5.0,1976.0,Панель,,,base,medium
"К.сутюшева, 59",К.сутюшева,59,5.0,1974.0,Панель,,,base,medium
"К.сутюшева, 65",К.сутюшева,65,9.0,1993.0,Панель,,,base+internet_search,medium
"К.сутюшева, 70",К.сутюшева,70,5.0,1995.0,Кирпич,,,base,medium
"К.сутюшева, 77",К.сутюшева,77,5.0,1977.0,Кирпич,,,base,medium
"К.сутюшева, 8",К.сутюшева,8,2.0,1958.0,Кирпич,,,base,medium
"К.туйская, 1",К.туйская,1,2.0,1956.0,Кирпич,,,base,medium
Калинина,Калинина,,,,,,,base,low
Калюжная,Калюжная,,,,,,,base,low
"Каманина, 11",Каманина,11,5.0,,Кирпич,,,base,low
"Каманина, 17",Каманина,17,5.0,,,,,base,low
"Каманина, 39",Каманина,39,5.0,1975.0,Кирпич,,,base,medium
"Каманина, 40",Каманина,40,5.0,,Кирпич,,,base,low
"Каманина, 41",Каманина,41,2.0,1975.0,Кирпич,,,base,medium
"Каманина, 41а",Каманина,41а,2.0,1975.0,Кирпич,,,base,medium
"Каманина, 48",Каманина,48,5.0,1978.0,Кирпич,,,base,medium
"Каманина, 50",Каманина,50,5.0,1983.0,Кирпич,,,base,medium
"Каманина, 7",Каманина,7,5.0,,Кирпич,,,base,low
"Каманина, 74",Каманина,74,5.0,1962.0,Кирпич,,,base,medium
"Каманина, 9",Каманина,9,5.0,,Кирпич,,,base,low
"Конституции, 16",Конституции,16,4.0,1960.0,Панель,,,base,medium
"Конституции, 21",Конституции,21,3.0,1960.0,Кирпич,,,base,medium
"Конституции, 29",Конституции,29,4.0,1961.0,Кирпич,,,base,medium
"Конституции, 30",Конституции,30,4.0,1962.0,Кирпич,,,base,medium
"Конституции, 32",Конституции,32,4.0,1964.0,Кирпич,,,base,medium
"Конституции, 34",Конституции,34,4.0,1963.0,Кирпич,,,base,medium
"Конституции, 49",Конституции,49,4.0,1965.0,Кирпич,,,base,medium
"Конституции, 5",Конституции,5,5.0,1984.0,Кирпич,,,base,medium
"Конституции, 50",Конституции,50,9.0,1975.0,Кирпич,,,base,medium
"Конституции, 53",Конституции,53,5.0,1982.0,Кирпич,,,base,medium
"Конституции, 55",Конституции,55,9.0,1987.0,Кирпич,,,base,medium
"Конституции, 76",Конституции,76,9.0,1988.0,Кирпич,,,base,medium
"Кошукова, 12",Кошукова,12,5.0,1965.0,Кирпич-панель,,,base,medium
"Кошукова, 14",Кошукова,14,5.0,1981.0,Кирпич,,,base+typical_data,low
"Кошукова, 14а",Кошукова,14а,9.0,1982.0,Кирпич-панель,,,base,medium
"Кошукова, 18",Кошукова,18,5.0,1981.0,Кирпич,,,base,medium
"Кошукова, 2",Кошукова,2,5.0,1967.0,Кирпич,,,base,medium
"Кошукова, 20",Кошукова,20,5.0,1977.0,Кирпич,,,base,medium
"Кошукова, 3",Кошукова,3,9.0,1981.0,Кирпич,,,base,medium
"Кошукова, 4",Кошукова,4,5.0,1970.0,Кирпич,,,base,medium
"Кошукова, 6",Кошукова,6,5.0,1973.0,Кирпич,,,base,medium
"Кошукова, 7",Кошукова,7,9.0,1982.0,Кирпич,,,base,medium
"Крепостная, 131",Крепостная,131,2.0,1972.0,Кирпич,,,base,medium
"Крепостная, 133",Крепостная,133,2.0,1973.0,Кирпич,,,base,medium
"Крепостная, 146",Крепостная,146,1.0,1949.0,Шлакоблок,,,base,medium
"Крепостная, 148",Крепостная,148,1.0,1949.0,Шлакоблок,,,base,medium
"Крепостная, 150",Крепостная,150,1.0,1949.0,Шлакоблок,,,base,medium
"Крепостная, 152",Крепостная,152,1.0,1952.0,Шлакоблок,,,base,medium
"Крепостная, 154",Крепостная,154,2.0,1959.0,Шлакоблок,,,base,medium
"Крепостная, 156",Крепостная,156,2.0,1954.0,Шлакоблок,,,base,medium
"Куйбышева, 53",Куйбышева,53,6.0,,,,,base,low
"Лесная, 3",Лесная,3,6.0,1991.0,Кирпич,,,base,medium
"Лесная, 3а",Лесная,3а,9.0,1995.0,Кирпич,,,base,medium
"Линия 4-я, 1",Линия 4-я,1,5.0,1975.0,Панель,,,base,medium
"Линия 4-я, 16",Линия 4-я,16,5.0,1982.0,Панель,,,base,medium
"Линия 5-я, 28",Линия 5-я,28,5.0,1983.0,Панель,,,base,medium
"Линия 5-я, 30",Линия 5-я,30,10.0,1993.0,Панель,,,base,medium
"Линия 5-я, 32",Линия 5-я,32,9.0,1995.0,Панель,,,base,medium
"Линия 5-я, 4",Линия 5-я,4,2.0,1989.0,Панель,,,base+internet_search,medium
"Линия 5-я, 2,2а","Линия 5-я, 2",2а,9.0,1985.0,Панель,,,base,medium
"Маяковского, 3",Маяковского,3,2.0,1974.0,Кирпич,,,base,medium
"Маяковского, 93",Маяковского,93,5.0,1971.0,Кирпич,,,base,medium
"Медведева, 10",Медведева,10,5.0,1969.0,Кирпич,,,base,medium
"Медведева, 4",Медведева,4,5.0,1966.0,Кирпич,,,base,medium
"Мира, 100",Мира,100,3.0,1971.0,Кирпич,,,base,medium
"Мира, 101",Мира,101,5.0,,Панель,,,base,low
"Мира, 107",Мира,107,5.0,1966.0,Панель,,,base,medium
"Мира, 109",Мира,109,5.0,1972.0,Панель,,,base,medium
"Мира, 110",Мира,110,5.0,1973.0,Кирпич,,,base,medium
"Мира, 111",Мира,111,5.0,1972.0,Панель,,,base,medium
"Мира, 117",Мира,117,5.0,1978.0,Панель,,,base,medium
"Мира, 119",Мира,119,5.0,1978.0,Панель,,,base,medium
"Мира, 121",Мира,121,5.0,1978.0,Панель,,,base,medium
"Мира, 123",Мира,123,9.0,1980.0,Панель,,,base,medium
"Мира, 124",Мира,124,5.0,1980.0,Панель,,,base,medium
"Мира, 125",Мира,125,5.0,1977.0,Панель,,,base,medium
"Мира, 126",Мира,126,5.0,1964.0,Панель,,,base,medium
"Мира, 127",Мира,127,5.0,1977.0,Панель,,,base,medium
"Мира, 129",Мира,129,5.0,1978.0,Панель,,,base,medium
"Мира, 130",Мира,130,5.0,,Панель,,,base,low
"Мира, 131",Мира,131,5.0,1978.0,Панель,,,base,medium
"Мира, 132",Мира,132,5.0,,Панель,,,base,low
"Мира, 134",Мира,134,5.0,,Панель,,,base,low
"Мира, 136",Мира,136,9.0,1987.0,Панель,,,base,medium
"Мира, 138",Мира,138,5.0,1990.0,Кирпич,,,base,medium
"Мира, 154",Мира,154,9.0,1980.0,Панель,,,base,medium
"Мира, 156",Мира,156,5.0,1979.0,Панель,,,base,medium
"Мира, 156а",Мира,156а,5.0,1993.0,Кирпич,,,base,medium
"Мира, 158",Мира,158,9.0,1981.0,Панель,,,base,medium
"Мира, 159",Мира,159,6.0,1989.0,Кирпич,,,base,medium
"Мира, 161",Мира,161,6.0,,Кирпич,,,base,low
"Мира, 163",Мира,163,5.0,1987.0,Кирпич,,,base,medium
"Мира, 177",Мира,177,5.0,1982.0,Кирпич,,,base,medium
"Мира, 179",Мира,179,5.0,1976.0,Кирпич,,,base,medium
"Мира, 183",Мира,183,5.0,1969.0,Панель,,,base,medium
"Мира, 185",Мира,185,5.0,1969.0,Панель,,,base,medium
"Мира, 187",Мира,187,5.0,1970.0,Кирпич,,,base,medium
"Мира, 189",Мира,189,5.0,1967.0,Панель,,,base,medium
"Мира, 191",Мира,191,5.0,1967.0,Панель,,,base,medium
"Мира, 193",Мира,193,5.0,1967.0,Панель,,,base,medium
"Мира, 197",Мира,197,5.0,1967.0,Панель,,,base,medium
"Мира, 199",Мира,199,5.0,1968.0,Панель,,,base,medium
"Мира, 201",Мира,201,5.0,1968.0,Панель,,,base,medium
"Мира, 203",Мира,203,5.0,1968.0,Панель,,,base,medium
"Мира, 205",Мира,205,5.0,1967.0,Панель,,,base,medium
"Мира, 209",Мира,209,5.0,1967.0,Панель,,,base,medium
"Мира, 211",Мира,211,5.0,1967.0,Панель,,,base,medium
"Мира, 213",Мира,213,4.0,1970.0,Кирпич,,,base,medium
"Мира, 218",Мира,218,10.0,1993.0,Панель,,,base,medium
"Мира, 219",Мира,219,5.0,1979.0,Кирпич,,,base,medium
"Мира, 221",Мира,221,5.0,1979.0,Кирпич,,,base,medium
"Мира, 223",Мира,223,5.0,1974.0,Кирпич,,,base,medium
"Мира, 225",Мира,225,5.0,1970.0,Кирпич,,,base,medium
"Мира, 229",Мира,229,5.0,1976.0,Кирпич,,,base,medium
"Мира, 232",Мира,232,5.0,1976.0,Панель,,,base,medium
"Мира, 234",Мира,234,5.0,1977.0,Панель,,,base,medium
"Мира, 238",Мира,238,5.0,1977.0,Панель,,,base,medium
"Мира, 240",Мира,240,5.0,1973.0,Панель,,,base,medium
"Мира, 244",Мира,244,5.0,1968.0,Панель,,,base,medium
"Мира, 246",Мира,246,5.0,1973.0,Кирпич,,,base,medium
"Мира, 248",Мира,248,5.0,1967.0,Панель,,,base,medium
"Мира, 254",Мира,254,2.0,1969.0,Кирпич,,,base,medium
"Мира, 256",Мира,256,5.0,1969.0,Кирпич,,,base,medium
"Мира, 258",Мира,258,5.0,1967.0,Панель,,,base,medium
"Мира, 264",Мира,264,5.0,1977.0,Панель,,,base,medium
"Мира, 266",Мира,266,5.0,1971.0,Панель,,,base,medium
"Мира, 268",Мира,268,5.0,1971.0,Панель,,,base,medium
"Мира, 270",Мира,270,5.0,1971.0,Панель,,,base,medium
"Мира, 278",Мира,278,5.0,1974.0,Панель,,,base,medium
"Мира, 280",Мира,280,5.0,1975.0,Панель,,,base,medium
"Мира, 284",Мира,284,5.0,1975.0,Кирпич-блок,,,base,medium
"Мира, 284а",Мира,284а,5.0,1992.0,Панель,,,base,medium
"Мира, 286",Мира,286,5.0,1980.0,Кирпич,,,base,medium
"Мира, 288",Мира,288,5.0,1988.0,Панель,,,base,medium
"Мира, 290",Мира,290,5.0,1987.0,Панель,,,base,medium
"Мира, 292",Мира,292,9.0,1987.0,Панель,,,base,medium
"Мира, 294",Мира,294,9.0,1987.0,Панель,,,base,medium
"Мира, 327",Мира,327,5.0,1983.0,Кирпич,,,base,medium
"Мира, 327а",Мира,327а,5.0,1987.0,Кирпич,,,base,medium
"Мира, 327б",Мира,327б,6.0,1996.0,Кирпич,,,base,medium
"Мира, 339",Мира,339,5.0,1983.0,Кирпич,,,base,medium
"Мира, 339а",Мира,339а,5.0,1987.0,Кирпич,,,base,medium
"Мира, 341",Мира,341,5.0,1985.0,Кирпич,,,base,medium
"Мира, 345",Мира,345,5.0,1986.0,Кирпич-панель,,,base,medium
"Мира, 347",Мира,347,5.0,1986.0,Кирпич,,,base,medium
"Мира, 349",Мира,349,5.0,1986.0,Кирпич,,,base,medium
"Мира, 351",Мира,351,5.0,1988.0,Кирпич,,,base,medium
"Мира, 67",Мира,67,5.0,,,,,base,low
"Мира, 73",Мира,73,5.0,1977.0,Панель,,,base,medium
"Мира, 75",Мира,75,5.0,1984.0,Кирпич,,,base,medium
"Мира, 87",Мира,87,5.0,1980.0,Кирпич,,,base,medium
"Мира, 90",Мира,90,3.0,1962.0,Кирпич,,,base,medium
"Мира, 92",Мира,92,2.0,1951.0,Дерево,,,base,medium
"Мира, 94",Мира,94,2.0,1951.0,Дерево,,,base,medium
"Мичурина, 10",Мичурина,10,2.0,1937.0,Дерево,,,base,medium
"Мичурина, 2",Мичурина,2,2.0,1950.0,Кирпич,,,base,medium
"Мичурина, 8",Мичурина,8,2.0,1937.0,Кирпич,,,base,medium
"Молодежная, 10",Молодежная,10,2.0,1956.0,Кирпич,,,base,medium
"Молодежная, 11",Молодежная,11,2.0,1951.0,Кирпич,,,base,medium
"Молодежная, 13",Молодежная,13,2.0,1956.0,Кирпич,,,base,medium
"Молодежная, 17",Молодежная,17,2.0,1952.0,Кирпич,,,base,medium
"Молодежная, 19",Молодежная,19,2.0,1952.0,Кирпич,,,base,medium
"Молодежная, 2",Молодежная,2,2.0,1954.0,Кирпич,,,base,medium
"Молодежная, 4",Молодежная,4,2.0,1955.0,Кирпич,,,base,medium
"Молодежная, 8",Молодежная,8,2.0,1954.0,Кирпич,,,base,medium
"Муканова, 41",Муканова,41,5.0,1990.0,Панель,,,base,medium
"Муканова, 46",Муканова,46,9.0,1991.0,Панель,,,base,medium
"Муканова, 52",Муканова,52,5.0,1972.0,Кирпич,,,base,medium
"Муканова, 54",Муканова,54,5.0,1975.0,Панель,,,base,medium
"Муканова, 68",Муканова,68,5.0,1985.0,Кирпич,,,base,medium
"Муканова, 72",Муканова,72,5.0,1984.0,Кирпич,,,base,medium
"Муканова, 91",Муканова,91,5.0,1988.0,Кирпич,,,base,medium
"Мусрепова, 10",Мусрепова,10,5.0,1968.0,Панель,,,base,medium
"Мусрепова, 11",Мусрепова,11,5.0,1969.0,Панель,,,base,medium
"Мусрепова, 13а",Мусрепова,13а,5.0,1992.0,Кирпич,,,base,medium
"Мусрепова, 14",Мусрепова,14,5.0,1967.0,Панель,,,base,medium
"Мусрепова, 16а",Мусрепова,16а,5.0,1967.0,Панель,,,base,medium
"Мусрепова, 18",Мусрепова,18,5.0,1970.0,Панель,,,base,medium
"Мусрепова, 18а",Мусрепова,18а,5.0,1967.0,Панель,,,base,medium
"Мусрепова, 2",Мусрепова,2,5.0,1964.0,Кирпич-панель,,,base,medium
"Мусрепова, 20",Мусрепова,20,5.0,1967.0,Панель,,,base,medium
"Мусрепова, 4",Мусрепова,4,5.0,1964.0,Кирпич-панель,,,base,medium
"Мусрепова, 5",Мусрепова,5,5.0,1973.0,Панель,,,base,medium
"Мусрепова, 6",Мусрепова,6,5.0,1964.0,Кирпич,,,base,medium
"Мусрепова, 7",Мусрепова,7,5.0,1973.0,Панель,,,base,medium
"Мусрепова, 8а",Мусрепова,8а,5.0,1970.0,Панель,,,base,medium
"Мусрепова, 9",Мусрепова,9,5.0,1973.0,Панель,,,base,medium
"Мусрепова, 9а",Мусрепова,9а,5.0,1973.0,Панель,,,base,medium
"Мусрепова, 9б",Мусрепова,9б,5.0,1973.0,Панель,,,base,medium
"Мусрепова, 9в",Мусрепова,9в,5.0,1973.0,Панель,,,base,medium
"Набережная, 19",Набережная,19,10.0,1989.0,Панель,,,base,medium
"Набережная, 25",Набережная,25,10.0,1992.0,Панель,,,base,medium
"Невского, 3",Невского,3,2.0,1951.0,Шлакоблок,,,base,medium
"Невского, 5",Невского,5,2.0,1956.0,Шлакоблок,,,base,medium
"Некрасова, 1",Некрасова,1,5.0,1997.0,Кирпич,,,base,medium
"Некрасова, 34",Некрасова,34,5.0,1985.0,Кирпич,,,base,medium
"Новаторная, 1",Новаторная,1,5.0,1974.0,Панель,,,base,medium
"Новая, 108",Новая,108,5.0,1967.0,Панель,,,base,medium
"Новая, 110",Новая,110,5.0,1965.0,Панель,,,base,medium
"Новая, 112",Новая,112,5.0,1966.0,Панель,,,base,medium
"Новая, 120",Новая,120,5.0,1966.0,Панель,,,base,medium
"Новая, 122",Новая,122,5.0,1966.0,Панель,,,base,medium
"Новая, 124",Новая,124,5.0,1965.0,Панель,,,base,medium
"Новая, 71",Новая,71,5.0,1967.0,Панель,,,base,medium
"Новая, 73",Новая,73,3.0,1962.0,Кирпич,,,base,medium
"Новая, 75",Новая,75,3.0,1962.0,Кирпич,,,base,medium
"Новая, 77",Новая,77,2.0,1962.0,Кирпич,,,base,medium
"Новая, 79",Новая,79,3.0,1962.0,Кирпич,,,base,medium
"Новая, 81",Новая,81,3.0,1962.0,Кирпич,,,base,medium
"Новая, 83",Новая,83,4.0,1962.0,Кирпич,,,base,medium
"Осипенко, 20",Осипенко,20,5.0,1992.0,Кирпич,,,base,medium
"Осипенко, 28",Осипенко,28,5.0,1983.0,Кирпич,,,base,medium
"Осипенко, 3",Осипенко,3,2.0,1962.0,Кирпич,,,base,medium
"Осипенко, 30",Осипенко,30,5.0,1982.0,Кирпич,,,base,medium
"Осипенко, 40",Осипенко,40,5.0,1978.0,Кирпич,,,base,medium
"Осипенко, 40а",Осипенко,40а,6.0,1996.0,Кирпич,,,base,medium
"Осипенко, 46",Осипенко,46,5.0,1983.0,Кирпич,,,base,medium
"Островского, 114",Островского,114,5.0,1982.0,Кирпич,,,base+typical_data,low
"Островского, 147",Островского,147,5.0,1996.0,Кирпич,,,base,medium
"Островского, 149",Островского,149,5.0,,Кирпич,,,base,low
"Островского, 153",Островского,153,2.0,1961.0,Шлакоблок,,,base,medium
"Островского, 155",Островского,155,2.0,1961.0,Кирпич,,,base,medium
"Островского, 157",Островского,157,3.0,1962.0,Панель,,,base,medium
"Островского, 56",Островского,56,2.0,1937.0,Дерево,,,base,medium
"Островского, 58а",Островского,58а,2.0,1937.0,Брус,,,base,medium
"Островского, 60",Островского,60,2.0,1937.0,Кирпич,,,base,medium
"Островского, 82",Островского,82,7.0,1993.0,Кирпич,,,base,medium
"Островского, 84а",Островского,84а,5.0,1985.0,Кирпич,,,base,medium
"Панфилова, 258",Панфилова,258,2.0,1962.0,Кирпич,,,base,medium
"Парковая, 104",Парковая,104,5.0,1989.0,Кирпич,,,base,medium
"Парковая, 117",Парковая,117,5.0,1973.0,Панель,,,base,medium
"Парковая, 119",Парковая,119,3.0,1986.0,Кирпич,,,base,medium
"Парковая, 121",Парковая,121,5.0,1992.0,Кирпич,,,base,medium
"Парковая, 126",Парковая,126,5.0,1976.0,Кирпич,,,base,medium
"Парковая, 130",Парковая,130,3.0,1967.0,Кирпич,,,base,medium
"Парковая, 137",Парковая,137,3.0,1970.0,Кирпич,,,base,medium
"Парковая, 140",Парковая,140,2.0,1957.0,Шлакоблок,,,base,medium
"Парковая, 145",Парковая,145,3.0,1973.0,Кирпич,,,base,medium
"Парковая, 161",Парковая,161,9.0,1986.0,Панель,,,base,medium
"Парковая, 181",Парковая,181,5.0,1981.0,Панель,,,base,medium
"Парковая, 187",Парковая,187,5.0,,Панель,,,base,low
"Парковая, 53",Парковая,53,5.0,1980.0,Панель,,,base,medium
"Парковая, 60",Парковая,60,2.0,1951.0,Кирпич,,,base,medium
"Парковая, 62",Парковая,62,2.0,1951.0,Кирпич,,,base,medium
"Партизан-я, 156",Партизан-я,156,2.0,1976.0,Кирпич,,,base,medium
"Партизан-я, 158",Партизан-я,158,2.0,1976.0,Кирпич,,,base,medium
"Партизан-я, 158а",Партизан-я,158а,3.0,1984.0,Кирпич,,,base,medium
"Партизан-я, 158б",Партизан-я,158б,4.0,1989.0,Кирпич,,,base,medium
"Партизан-я, 185",Партизан-я,185,5.0,1987.0,Кирпич,,,base,medium
"Партизан-я, 44",Партизан-я,44,5.0,1987.0,Кирпич,,,base,medium
"Партизанская, 12",Партизанская,12,5.0,1990.0,Кирпич,,,base,medium
"Пархоменко, 11",Пархоменко,11,9.0,1990.0,Кирпич,,,base,medium
"Пархоменко, 26",Пархоменко,26,5.0,1985.0,Панель,,,base+typical_data,low
"Пархоменко, 3",Пархоменко,3,9.0,1987.0,Кирпич,,,base,medium
"Пархоменко, 30",Пархоменко,30,5.0,1984.0,Кирпич,,,base,medium
"Пархоменко, 32",Пархоменко,32,9.0,1995.0,Кирпич,,,base,medium
"Пархоменко, 58",Пархоменко,58,5.0,1985.0,Кирпич,,,base+typical_data,low
"Пархоменко, 61",Пархоменко,61,5.0,1983.0,Кирпич,,,base,medium
"Пархоменко, 63",Пархоменко,63,5.0,1983.0,Кирпич,,,base,medium
"Пархоменко, 65",Пархоменко,65,5.0,1983.0,Кирпич,,,base,medium
"Пархоменко, 66",Пархоменко,66,5.0,1984.0,Кирпич,,,base,medium
"Пархоменко, 67",Пархоменко,67,5.0,1991.0,Кирпич,,,base,medium
"Пархоменко, 69",Пархоменко,69,5.0,,Кирпич,,,base,low
"Пархоменко, 7",Пархоменко,7,9.0,1995.0,Панель,,,base,medium
"Пархоменко, 9",Пархоменко,9,6.0,1992.0,Кирпич,,,base,medium
"Пер.мира, 10",Пер.мира,10,2.0,1956.0,Шлакоблок,,,base,medium
"Первомай-я, 120",Первомай-я,120,5.0,1992.0,Кирпич,,,base,medium
"Первомай-я, 122",Первомай-я,122,5.0,1991.0,Панель,,,base,medium
"Первомай-я, 124",Первомай-я,124,6.0,1993.0,Кирпич,,,base,medium
"Первомай-я, 126",Первомай-я,126,5.0,1991.0,Панель,,,base,medium
"Первомай-я, 69",Первомай-я,69,2.0,1968.0,Кирпич,,,base,medium
"Первомай-я, 70",Первомай-я,70,5.0,1979.0,Кирпич-блок,,,base,medium
"Первомай-я, 73",Первомай-я,73,2.0,1918.0,Брус,,,base,medium
"Первомайская, 63",Первомайская,63,2.0,1962.0,Кирпич,,,base,medium
"Пионер-я, 20",Пионер-я,20,6.0,1991.0,Кирпич,,,base,medium
"Победы, 14",Победы,14,5.0,1987.0,Кирпич,,,base,medium
"Победы, 3",Победы,3,5.0,1988.0,Панель,,,base,medium
"Победы, 3а",Победы,3а,5.0,1989.0,Панель,,,base,medium
"Победы, 4",Победы,4,5.0,1997.0,Кирпич,,,base,medium
"Победы, 6",Победы,6,5.0,1990.0,Панель,,,base,medium
"Победы, 7",Победы,7,5.0,1986.0,Панель,,,base,medium
"Победы, 8а",Победы,8а,5.0,1989.0,Кирпич,,,base,medium
"Позолотина, 56",Позолотина,56,5.0,1981.0,Панель,,,base,medium
"Позолотина, 79",Позолотина,79,9.0,1997.0,Панель,,,base,medium
"Попова, 42",Попова,42,9.0,1985.0,Панель,,,base,medium
"Попова, 45",Попова,45,3.0,1961.0,Кирпич,,,base,medium
"Попова, 47",Попова,47,9.0,,Панель,,,base,low
"Пр.ахременко, 3",Пр.ахременко,3,5.0,,Кирпич,4.0,,base+2gis,medium
"Пр.волод-о, 126",Пр.волод-о,126,5.0,1997.0,Панель,,,base+internet_search,medium
"Пр.волод-о, 45",Пр.волод-о,45,3.0,1986.0,Кирпич,,,base,medium
"Пр.волод-о, 47",Пр.волод-о,47,10.0,1992.0,Панель,,,base,medium
"Пр.волод-о, 79",Пр.волод-о,79,2.0,1957.0,Кирпич,,,base,medium
"Пр.джамбула, 1",Пр.джамбула,1,2.0,1975.0,Кирпич,,,base,medium
"Пр.джамбула, 1а",Пр.джамбула,1а,10.0,,Панель,,,base,medium
"Пр.джамбула, 1б",Пр.джамбула,1б,9.0,1995.0,Панель,,,base,medium
"Пр.джамбула, 1г",Пр.джамбула,1г,10.0,1994.0,Панель,,,base,medium
"Пр.джамбула, 3",Пр.джамбула,3,2.0,1963.0,Брус,,,base,medium
"Пр.джамбула, 5",Пр.джамбула,5,2.0,1963.0,Брус,,,base,medium
"Пр.дусухомбетова, 10",Пр.дусухомбетова,10,3.0,,Кирпич,,,base,low
"Пр.дусухомбетова, 17",Пр.дусухомбетова,17,4.0,,Кирпич,,,base,low
"Пр.дусухомбетова, 17а",Пр.дусухомбетова,17а,5.0,,Панель,,,base,low
"Пр.кожевенная, 1",Пр.кожевенная,1,2.0,1961.0,Кирпич,,,base,medium
"Пр.кожевенная, 10",Пр.кожевенная,10,2.0,1980.0,Кирпич,,,base,medium
"Пр.кожевенная, 12",Пр.кожевенная,12,2.0,1984.0,Кирпич,,,base,medium
"Пр.кожевенная, 14",Пр.кожевенная,14,2.0,1983.0,Кирпич,,,base,medium
"Пр.кожевенная, 2",Пр.кожевенная,2,2.0,1963.0,Кирпич,,,base,medium
"Пр.кожевенная, 4",Пр.кожевенная,4,3.0,1968.0,Кирпич,,,base,medium
"Пр.кожевенная, 6",Пр.кожевенная,6,1.0,1962.0,Кирпич,,,base,medium
"Пр.кожевенная, 8",Пр.кожевенная,8,1.0,1962.0,Кирпич,,,base,medium
"Пр.мусрепова, 12",Пр.мусрепова,12,2.0,1956.0,Кирпич,,,base,medium
"Пр.мусрепова, 14",Пр.мусрепова,14,2.0,1956.0,Кирпич,,,base,medium
"Пр.пионер-я, 32",Пр.пионер-я,32,2.0,1957.0,Кирпич,,,base,medium
"Пр.садовый., 3",Пр.садовый.,3,2.0,1958.0,Кирпич,,,base,medium
"Пр.садовый., 7",Пр.садовый.,7,2.0,1957.0,Кирпич,,,base,medium
"Пр.садовый., 9",Пр.садовый.,9,2.0,1957.0,Кирпич,,,base,medium
"Пугачева, 230",Пугачева,230,2.0,1947.0,Кирпич,,,base,medium
"Пугачева, 236",Пугачева,236,3.0,1961.0,Панель,,,base,medium
"Пугачева, 238",Пугачева,238,2.0,1938.0,Кирпич,,,base,medium
"Пугачева, 240",Пугачева,240,2.0,1938.0,Кирпич,,,base,medium
"Пугачева, 242",Пугачева,242,3.0,1961.0,Кирпич,,,base,medium
"Пугачева, 244",Пугачева,244,2.0,1958.0,Кирпич,,,base,medium
"Пушкина, 101",Пушкина,101,5.0,1989.0,Кирпич,,,base,medium
"Пушкина, 103",Пушкина,103,5.0,1982.0,Панель,,,base,medium
"Пушкина, 114",Пушкина,114,9.0,,Кирпич,,,base,low
"Пушкина, 43",Пушкина,43,5.0,1986.0,Кирпич,,,base,medium
"Пушкина, 57",Пушкина,57,5.0,1984.0,Кирпич,,,base,medium
"Пушкина, 64",Пушкина,64,5.0,1993.0,Кирпич,,,base,medium
"Пушкина, 67",Пушкина,67,5.0,1986.0,Кирпич,,,base,medium
"Пушкина, 76",Пушкина,76,3.0,1968.0,Кирпич,,,base,medium
"Пушкина, 82",Пушкина,82,4.0,1962.0,Кирпич,,,base,medium
"Рабочая, 18",Рабочая,18,5.0,,,,,base,low
"Радищева, 20а",Радищева,20а,3.0,1989.0,Панель,,,base,medium
"Радищева, 22",Радищева,22,2.0,1962.0,Кирпич,,,base,medium
"Радищева, 22а",Радищева,22а,2.0,1987.0,Кирпич,,,base,medium
"Радищева, 24",Радищева,24,2.0,1963.0,Кирпич,,,base,medium
"Радищева, 25",Радищева,25,2.0,1973.0,Кирпич,,,base,medium
"Радищева, 28",Радищева,28,2.0,1989.0,Кирпич,,,base,medium
"Радищева, 29",Радищева,29,2.0,1966.0,Кирпич,,,base,medium
"Радищева, 30",Радищева,30,4.0,1992.0,Кирпич,,,base,medium
"Радищева, 33",Радищева,33,4.0,1993.0,Кирпич,,,base,medium
"Рижская, 1",Рижская,1,4.0,1962.0,Панель,,,base,medium
"Рижская, 104",Рижская,104,5.0,1975.0,Панель,,,base,medium
"Рижская, 106",Рижская,106,5.0,1973.0,Кирпич,,,base,medium
"Рижская, 108",Рижская,108,5.0,1974.0,Кирпич,,,base,medium
"Рижская, 110",Рижская,110,5.0,1968.0,Кирпич,,,base,medium
"Рижская, 112",Рижская,112,5.0,1968.0,Панель,,,base,medium
"Рижская, 121",Рижская,121,5.0,1965.0,Кирпич,,,base,medium
"Рижская, 123",Рижская,123,5.0,1965.0,Кирпич,,,base,medium
"Рижская, 125",Рижская,125,5.0,1967.0,Кирпич,,,base,medium
"Рижская, 133",Рижская,133,2.0,1958.0,Кирпич,,,base,medium
"Рижская, 135",Рижская,135,2.0,1959.0,Шлакоблок,,,base,medium
"Рижская, 137",Рижская,137,2.0,1958.0,Кирпич,,,base,medium
"Рижская, 139",Рижская,139,2.0,1958.0,Кирпич,,,base,medium
"Рижская, 141",Рижская,141,,,,,,base,low
"Рижская, 143",Рижская,143,2.0,1958.0,Шлакоблок,,,base,medium
"Рижская, 145",Рижская,145,2.0,1958.0,Шлакоблок,,,base,medium
"Рижская, 1д",Рижская,1д,5.0,1966.0,Кирпич,,,base,medium
"Рижская, 2",Рижская,2,,,,,,base,low
"Рижская, 22",Рижская,22,5.0,1971.0,Кирпич,,,base,medium
"Рижская, 3",Рижская,3,4.0,1963.0,Панель,,,base,medium
"Рижская, 3а",Рижская,3а,2.0,1959.0,Шлакоблок,,,base,medium
"Рижская, 5",Рижская,5,4.0,1962.0,Панель,,,base,medium
"Рижская, 7",Рижская,7,4.0,1953.0,Панель,,,base,medium
"Рижская, 9",Рижская,9,4.0,1962.0,Панель,,,base,medium
"Ружейникова, 10",Ружейникова,10,2.0,1951.0,Кирпич,,,base,medium
"Ружейникова, 12",Ружейникова,12,2.0,1946.0,Кирпич,,,base,medium
"Ружейникова, 14",Ружейникова,14,2.0,1947.0,Кирпич,,,base,medium
"Ружейникова, 15",Ружейникова,15,2.0,1951.0,Кирпич,,,base,medium
"Ружейникова, 8",Ружейникова,8,2.0,1951.0,Кирпич,,,base,medium
"Ружейникова, 97",Ружейникова,97,5.0,1969.0,Кирпич,,,base+typical_data,low
"Рузаева, 1",Рузаева,1,2.0,1951.0,Кирпич,,,base,medium
"Рузаева, 10",Рузаева,10,2.0,1953.0,Кирпич,,,base,medium
"Рузаева, 14",Рузаева,14,4.0,1962.0,Кирпич,,,base,medium
"Рузаева, 16",Рузаева,16,4.0,1965.0,Кирпич,,,base,medium
"Рузаева, 2",Рузаева,2,2.0,1956.0,Кирпич,,,base,medium
"Рузаева, 24",Рузаева,24,5.0,1982.0,Панель,,,base,medium
"Рузаева, 3",Рузаева,3,2.0,1950.0,Кирпич,,,base,medium
"Рузаева, 4",Рузаева,4,2.0,1953.0,Кирпич,,,base,medium
"Рузаева, 5",Рузаева,5,2.0,1948.0,Кирпич,,,base,medium
"Рузаева, 6",Рузаева,6,2.0,1949.0,Кирпич,,,base,medium
"Рузаева, 7",Рузаева,7,2.0,1947.0,Кирпич,,,base,medium
"Рузаева, 8",Рузаева,8,2.0,1959.0,Кирпич,,,base,medium
"Садовая, 2",Садовая,2,1.0,1956.0,Кирпич-панель,,,base,medium
"Садовая, 4",Садовая,4,1.0,1956.0,Кирпич-панель,,,base,medium
"Сатпаева, 15",Сатпаева,15,5.0,1967.0,Кирпич,,,base,medium
"Сатпаева, 17",Сатпаева,17,5.0,1968.0,Кирпич,,,base,medium
"Сатпаева, 2",Сатпаева,2,5.0,1987.0,Кирпич,,,base,medium
"Сатпаева, 23",Сатпаева,23,2.0,1950.0,Кирпич,,,base,medium
"Сатпаева, 25",Сатпаева,25,5.0,1970.0,Кирпич,,,base,medium
"Сатпаева, 28",Сатпаева,28,5.0,1976.0,Кирпич,,,base,medium
"Сатпаева, 30",Сатпаева,30,5.0,1974.0,Кирпич,,,base,medium
"Сатпаева, 34",Сатпаева,34,5.0,1971.0,Кирпич,,,base,medium
"Сатпаева, 36",Сатпаева,36,5.0,1973.0,Кирпич,,,base,medium
"Сатпаева, 38",Сатпаева,38,9.0,1981.0,Кирпич,,,base,medium
"Сатпаева, 40",Сатпаева,40,9.0,1979.0,Кирпич,,,base,medium
"Сатпаева, 42",Сатпаева,42,9.0,1979.0,Кирпич,,,base,medium
"Сатпаева, 46",Сатпаева,46,3.0,1934.0,Кирпич,,,base,medium
"Сатпаева, 50",Сатпаева,50,5.0,1989.0,Кирпич,,,base,medium
"Сатпаева, 51",Сатпаева,51,2.0,1931.0,Блок,,,base,medium
"Сатпаева, 53",Сатпаева,53,2.0,1931.0,Блок,,,base,medium
"Сатпаева, 55",Сатпаева,55,2.0,1931.0,Блок,,,base,medium
"Сейфулина, 3а",Сейфулина,3а,5.0,,Панель,,,base,low
"Сейфулина, 58",Сейфулина,58,5.0,1981.0,Панель,,,base,medium
"Сейфулина, 60",Сейфулина,60,5.0,1987.0,Панель,,,base,medium
"Советская, 119",Советская,119,6.0,1994.0,Кирпич,,,base,medium
"Советская, 141",Советская,141,6.0,,Кирпич,,,base,low
"Советская, 39",Советская,39,5.0,,Кирпич,,,base,low
"Советская, 40",Советская,40,5.0,,Панель,,,base,low
"Советская, 45",Советская,45,5.0,1966.0,Кирпич,,,base,medium
"Советская, 59",Советская,59,2.0,1968.0,Кирпич,,,base,medium
"Советская, 63",Советская,63,6.0,1995.0,Кирпич,,,base,medium
"Советская, 70",Советская,70,3.0,1977.0,Кирпич,,,base,medium
"Советская, 76",Советская,76,5.0,1971.0,Панель,,,base,medium
"Советская, 89",Советская,89,5.0,1985.0,Кирпич,,,base,medium
"Советская, 89а",Советская,89а,5.0,1992.0,Кирпич,,,base,medium
"Советская, 93",Советская,93,5.0,1989.0,Кирпич,,,base,medium
"Строительная, 6",Строительная,6,5.0,1966.0,Панель,,,base,medium
"Строительная, 8",Строительная,8,5.0,1966.0,Панель,,,base,medium
"Студен-я, 3",Студен-я,3,5.0,1972.0,Кирпич,,,base,medium
"Студен-я, 6",Студен-я,6,5.0,1990.0,Кирпич,,,base,medium
"Театральная, 40",Театральная,40,2.0,1940.0,Панель,,,base,medium
"Театральная, 46",Театральная,46,4.0,1958.0,Панель,,,base,medium
"Театральная, 47",Театральная,47,5.0,1990.0,Панель,,,base+internet_search,medium
"Театральная, 48",Театральная,48,4.0,1968.0,Кирпич,,,base,medium
"Театральная, 55",Театральная,55,4.0,1963.0,Кирпич,,,base,medium
"Театральная, 55а",Театральная,55а,5.0,1982.0,Кирпич,,,base,medium
"Театральная, 57",Театральная,57,4.0,1960.0,Панель,,,base,medium
"Театральная, 63",Театральная,63,4.0,1962.0,Панель,,,base,medium
"Темирязева, 19",Темирязева,19,2.0,1952.0,Кирпич,,,base,medium
"Темирязева, 21",Темирязева,21,2.0,1952.0,Кирпич,,,base,medium
"Темирязева, 23",Темирязева,23,2.0,1952.0,Кирпич,,,base,medium
"Темирязева, 3",Темирязева,3,2.0,1980.0,Кирпич,,,base,medium
"Теплые кусты, 4",Теплые кусты,4,1.0,1963.0,Шлакопанель,,,base,medium
"Теплые кусты, 5",Теплые кусты,5,1.0,1963.0,Шлакопанель,,,base,medium
"Теплые кусты, 6",Теплые кусты,6,1.0,1963.0,Шлакопанель,,,base,medium
"Теплые кусты, 7",Теплые кусты,7,1.0,1963.0,Шлакопанель,,,base,medium
"Токсан би, 102",Токсан би,102,2.0,1950.0,Кирпич,,,base,medium
"Токсан би, 21",Токсан би,21,4.0,1962.0,Кирпич,,,base,medium
"Токсан би, 23",Токсан би,23,4.0,1963.0,Кирпич,,,base,medium
"Токсан би, 27",Токсан би,27,4.0,1963.0,Кирпич,,,base,medium
"Токсан би, 45",Токсан би,45,3.0,1953.0,Кирпич,,,base,medium
"Токсан би, 49",Токсан би,49,2.0,1953.0,Кирпич,,,base,medium
"Токсан би, 80",Токсан би,80,5.0,1978.0,Кирпич,,,base,medium
"Токсан би, 82",Токсан би,82,4.0,1978.0,Кирпич,,,base,medium
"Токсан би, 84",Токсан би,84,5.0,1977.0,Кирпич,,,base,medium
"Токсан би, 25,25а","Токсан би, 25",25а,5.0,1963.0,Кирпич,,,base+internet_search,medium
"Труда, 30",Труда,30,2.0,1957.0,Кирпич,,,base,medium
"Труда, 32",Труда,32,2.0,,Дерево,,,base,low
"Труда, 43",Труда,43,3.0,1960.0,Кирпич,,,base,medium
"Труда, 49",Труда,49,5.0,1987.0,Панель,,,base,medium
"Труда, 51",Труда,51,5.0,1974.0,Кирпич,,,base,medium
"Труда, 53",Труда,53,2.0,1966.0,Кирпич,,,base,medium
"Труда, 55",Труда,55,2.0,1966.0,Кирпич,,,base,medium
"Труда, 57",Труда,57,2.0,1966.0,Кирпич,,,base,medium
"Труда, 59",Труда,59,2.0,1967.0,Кирпич,,,base,medium
"Тухачевского, 82",Тухачевского,82,10.0,,,,,base,low
"У.громовой, 2а",У.громовой,2а,2.0,1960.0,Кирпич,,,base,medium
"У.громовой, 4",У.громовой,4,3.0,1992.0,Кирпич,,,base,medium
"У.громовой, 6",У.громовой,6,2.0,1959.0,Кирпич,,,base,medium
"Уалиханова, 10",Уалиханова,10,4.0,1960.0,Кирпич,,,base,medium
"Уалиханова, 11",Уалиханова,11,5.0,,Кирпич,,,base,low
"Уалиханова, 12",Уалиханова,12,4.0,1960.0,Кирпич,,,base,medium
"Уалиханова, 13",Уалиханова,13,,,,,,base,low
"Уалиханова, 14",Уалиханова,14,3.0,1959.0,Кирпич,,,base,medium
"Уалиханова, 15",Уалиханова,15,,,,,,base,low
"Уалиханова, 16",Уалиханова,16,3.0,1959.0,Кирпич,,,base,medium
"Уалиханова, 17",Уалиханова,17,,,,,,base,low
"Уалиханова, 18",Уалиханова,18,,,,,,base,low
"Уалиханова, 19",Уалиханова,19,9.0,,Панель,,,base,low
"Уалиханова, 2",Уалиханова,2,4.0,1961.0,Кирпич,,,base,medium
"Уалиханова, 20",Уалиханова,20,3.0,1958.0,Кирпич,,,base,medium
"Уалиханова, 21",Уалиханова,21,9.0,,Панель,,,base,low
"Уалиханова, 22",Уалиханова,22,3.0,1960.0,Кирпич,,,base,medium
"Уалиханова, 23",Уалиханова,23,9.0,,Панель,,,base,low
"Уалиханова, 24",Уалиханова,24,4.0,1960.0,Кирпич,,,base,medium
"Уалиханова, 25",Уалиханова,25,9.0,,Кирпич,,,base,low
"Уалиханова, 26",Уалиханова,26,,,,,,base,low
"Уалиханова, 27",Уалиханова,27,,,,,,base,low
"Уалиханова, 28",Уалиханова,28,5.0,1972.0,Кирпич,,,base,medium
"Уалиханова, 29",Уалиханова,29,,,,,,base,low
"Уалиханова, 3",Уалиханова,3,,,,,,base,low
"Уалиханова, 30",Уалиханова,30,5.0,1970.0,Панель,,,base,medium
"Уалиханова, 31",Уалиханова,31,,,,,,base,low
"Уалиханова, 32",Уалиханова,32,6.0,1991.0,Кирпич,,,base,medium
"Уалиханова, 33",Уалиханова,33,,,,,,base,low
"Уалиханова, 34",Уалиханова,34,5.0,1970.0,Панель,,,base,medium
"Уалиханова, 36",Уалиханова,36,5.0,1993.0,Кирпич,,,base+internet_search,medium
"Уалиханова, 37",Уалиханова,37,,,,,,base,low
"Уалиханова, 38",Уалиханова,38,5.0,1974.0,Панель,,,base,medium
"Уалиханова, 39",Уалиханова,39,,,,,,base,low
"Уалиханова, 4",Уалиханова,4,5.0,1962.0,Кирпич,,,base,medium
"Уалиханова, 40",Уалиханова,40,,,,,,base,low
"Уалиханова, 41",Уалиханова,41,,,,,,base,low
"Уалиханова, 42",Уалиханова,42,,,,,,base,low
"Уалиханова, 43",Уалиханова,43,,,,,,base,low
"Уалиханова, 44",Уалиханова,44,,,,,,base,low
"Уалиханова, 45",Уалиханова,45,,,,,,base,low
"Уалиханова, 46",Уалиханова,46,5.0,,Кирпич,,,base,low
"Уалиханова, 47",Уалиханова,47,,,,,,base,low
"Уалиханова, 48",Уалиханова,48,5.0,,Кирпич,,,base,low
"Уалиханова, 5",Уалиханова,5,5.0,,Панель,,,base,low
"Уалиханова, 6",Уалиханова,6,5.0,1963.0,Кирпич,,,base,medium
"Уалиханова, 7",Уалиханова,7,5.0,,Панель,,,base,low
"Уалиханова, 8",Уалиханова,8,5.0,1962.0,Кирпич,,,base,medium
"Уалиханова, 9",Уалиханова,9,,,,,,base,low
"Украинская, 114",Украинская,114,5.0,1996.0,Кирпич,,,base,medium
"Украинская, 191",Украинская,191,2.0,1958.0,Кирпич,,,base,medium
"Украинская, 197",Украинская,197,2.0,1959.0,Кирпич,,,base,medium
"Украинская, 199",Украинская,199,2.0,1969.0,Кирпич,,,base,medium
"Украинская, 201",Украинская,201,3.0,1960.0,Панель,,,base,medium
"Украинская, 205",Украинская,205,3.0,1960.0,Панель,,,base,medium
"Украинская, 207",Украинская,207,3.0,1960.0,Панель,,,base,medium
"Украинская, 215",Украинская,215,5.0,1997.0,Кирпич,,,base,medium
"Украинская, 219",Украинская,219,5.0,,Кирпич,,,base,low
"Украинская, 221",Украинская,221,3.0,1960.0,Панель,,,base,medium
"Украинская, 226",Украинская,226,1.0,1946.0,Щитовое здание,,,base,medium
"Украинская, 228",Украинская,228,1.0,1946.0,Щитовое здание,,,base,medium
"Украинская, 230",Украинская,230,3.0,1985.0,Кирпич,,,base,medium
"Украинская, 231",Украинская,231,3.0,1990.0,Кирпич,,,base,medium
"Украинская, 232",Украинская,232,2.0,1962.0,Щитовое здание,,,base,medium
"Украинская, 234",Украинская,234,3.0,1962.0,Панель,,,base,medium
"Украинская, 234а",Украинская,234а,2.0,1981.0,Кирпич,,,base,medium
"Украинская, 234б",Украинская,234б,3.0,1990.0,Кирпич,,,base,medium
"Украинская, 238",Украинская,238,3.0,1995.0,Кирпич,,,base,medium
"Ульянова, 34",Ульянова,34,4.0,1963.0,Кирпич,,,base,medium
"Ульянова, 36",Ульянова,36,5.0,1984.0,Панель,,,base,medium
"Ульянова, 44",Ульянова,44,5.0,1979.0,Кирпич-блок,,,base,medium
"Ульянова, 55",Ульянова,55,5.0,1977.0,Панель,,,base,medium
"Уральская, 27",Уральская,27,2.0,1960.0,Шлакоблок,,,base,medium
"Уральская, 28",Уральская,28,2.0,1968.0,Шлакоблок,,,base,medium
"Уральская, 29",Уральская,29,2.0,1961.0,Шлакоблок,,,base,medium
"Уральская, 3",Уральская,3,2.0,1954.0,Шлакоблок,,,base,medium
"Уральская, 31",Уральская,31,2.0,1971.0,Шлакоблок,,,base,medium
"Уральская, 4",Уральская,4,2.0,1954.0,Шлакоблок,,,base,medium
"Уральская, 5",Уральская,5,2.0,1990.0,Кирпич,,,base,medium
"Уральская, 6",Уральская,6,2.0,1956.0,Шлакоблок,,,base,medium
"Урожайная, 11",Урожайная,11,2.0,1938.0,Кирпич,,,base,medium
"Урожайная, 13",Урожайная,13,2.0,1940.0,Кирпич,,,base,medium
"Урожайная, 17",Урожайная,17,2.0,1938.0,Кирпич,,,base,medium
"Урожайная, 19",Урожайная,19,2.0,1938.0,Кирпич,,,base,medium
"Ухабова, 19",Ухабова,19,4.0,1995.0,Кирпич,,,base,medium
"Ухабова, 19а",Ухабова,19а,3.0,1995.0,Кирпич,,,base,medium
"Ухабова, 2",Ухабова,2,4.0,1989.0,Кирпич,,,base,medium
"Ухабова, 3",Ухабова,3,3.0,1993.0,Панель,,,base,medium
"Ухабова, 4",Ухабова,4,3.0,1989.0,Кирпич,,,base,medium
"Ухабова, 5",Ухабова,5,3.0,1993.0,Панель,,,base,medium
"Ухабова, 6",Ухабова,6,4.0,1995.0,Кирпич,,,base,medium
"Хименко, 1",Хименко,1,9.0,1985.0,Панель,,,base,medium
"Хименко, 10",Хименко,10,5.0,1984.0,Панель,,,base,medium
"Хименко, 10 а",Хименко,10 а,5.0,,Кирпич,,,base,low
"Хименко, 11",Хименко,11,,,,,,base,low
"Хименко, 12",Хименко,12,5.0,1986.0,Панель,,,base,medium
"Хименко, 13",Хименко,13,,,,,,base,low
"Хименко, 14",Хименко,14,5.0,1987.0,Панель,,,base,medium
"Хименко, 2",Хименко,2,9.0,1986.0,Панель,,,base,medium
"Хименко, 20",Хименко,20,5.0,1997.0,Панель,,,base,medium
"Хименко, 3",Хименко,3,5.0,1980.0,Панель,,,base,medium
"Хименко, 4",Хименко,4,,,,,,base,low
"Хименко, 5",Хименко,5,5.0,1982.0,Панель,,,base,medium
"Хименко, 6",Хименко,6,5.0,1987.0,Панель,,,base,medium
"Хименко, 7",Хименко,7,5.0,1987.0,Панель,,,base,medium
"Хименко, 8",Хименко,8,5.0,1984.0,Панель,,,base,medium
"Хименко, 9",Хименко,9,9.0,1988.0,Панель,,,base,medium
"Хименко, 2015-02-14 00:00:00","Хименко, 2015-02-14 00:00:",00,5.0,,Панель,,,base,low
"Хименко, 2015-03-14 00:00:00","Хименко, 2015-03-14 00:00:",00,5.0,,Панель,,,base,low
"Ч.уалиханова, 1",Ч.уалиханова,1,,,,,,base,low
"Чайковского, 13",Чайковского,13,5.0,1958.0,Панель,,,base,medium
"Чайковского, 13 а",Чайковского,13 а,5.0,,Кирпич,,,base,medium
"Чайковского, 15",Чайковского,15,5.0,1972.0,Панель,,,base,medium
"Чайковского, 17",Чайковского,17,5.0,1972.0,Панель,,,base,medium
"Чайковского, 18",Чайковского,18,5.0,1964.0,Кирпич,,,base,medium
"Чайковского, 19",Чайковского,19,5.0,1972.0,Панель,,,base,medium
"Чайковского, 20",Чайковского,20,9.0,,Панель,,,base,low
"Чайковского, 21",Чайковского,21,5.0,1973.0,Панель,,,base,medium
"Чайковского, 3",Чайковского,3,5.0,1971.0,Панель,,,base,medium
"Чайковского, 5",Чайковского,5,5.0,1971.0,Панель,,,base,medium
"Чайковского, 7",Чайковского,7,5.0,1972.0,Панель,,,base,medium
"Чайковского, 9",Чайковского,9,5.0,1972.0,Панель,,,base,medium
"Чкалова, 65",Чкалова,65,5.0,1972.0,Панель,,,base,medium
"Шухова, 1",Шухова,1,5.0,1971.0,Панель,,,base,medium
"Шухова, 10",Шухова,10,5.0,1977.0,Панель,,,base,medium
"Шухова, 11",Шухова,11,,,,,,base,low
"Шухова, 12",Шухова,12,5.0,1976.0,Панель,,,base,medium
"Шухова, 13",Шухова,13,,,,,,base,low
"Шухова, 14",Шухова,14,5.0,1976.0,Кирпич,,,base,medium
"Шухова, 15",Шухова,15,,,,,,base,low
"Шухова, 16",Шухова,16,5.0,1976.0,Панель,,,base,medium
"Шухова, 2",Шухова,2,5.0,1975.0,Панель,,,base,medium
"Шухова, 2а",Шухова,2а,5.0,1983.0,Кирпич,,,base,medium
"Шухова, 3",Шухова,3,5.0,1979.0,Панель,,,base,medium
"Шухова, 30",Шухова,30,5.0,1976.0,Кирпич,,,base,medium
"Шухова, 32",Шухова,32,5.0,1976.0,Кирпич,,,base,medium
"Шухова, 32а",Шухова,32а,9.0,1997.0,Панель,,,base,medium
"Шухова, 36",Шухова,36,5.0,1981.0,Панель,,,base,medium
"Шухова, 38",Шухова,38,5.0,1979.0,Кирпич,,,base,medium
"Шухова, 4",Шухова,4,5.0,1975.0,Панель,,,base,medium
"Шухова, 42",Шухова,42,5.0,1984.0,Кирпич,,,base,medium
"Шухова, 5",Шухова,5,,,,,,base,low
"Шухова, 5а",Шухова,5а,5.0,1991.0,Кирпич,,,base,medium
"Шухова, 6",Шухова,6,5.0,1975.0,Панель,,,base,medium
"Шухова, 7",Шухова,7,,,,,,base,low
"Шухова, 8",Шухова,8,5.0,1976.0,Панель,,,base,medium
"Шухова, 9",Шухова,9,,,,,,base,low
"Юбилейная, 1",Юбилейная,1,,,,,,base,low
"Юбилейная, 2",Юбилейная,2,5.0,1980.0,Кирпич,,,base,medium
"Юбилейная, 2а",Юбилейная,2а,5.0,1983.0,Панель,,,base,medium
"Юбилейная, 2б",Юбилейная,2б,5.0,1982.0,Кирпич,,,base,medium
"Юбилейная, 2в",Юбилейная,2в,5.0,1985.0,Кирпич,,,base,medium
"Юбилейная, 3",Юбилейная,3,5.0,1979.0,Панель,,,base,medium
"Юбилейная, 4",Юбилейная,4,5.0,1974.0,Панель,,,base,medium
"Юбилейная, 5а",Юбилейная,5а,3.0,1989.0,Кирпич,,,base,medium
"Я. гашека, 1",Я. гашека,1,2.0,1958.0,Шлакоблок,,,base,medium
"Я. гашека, 10",Я. гашека,10,,,,,,base,low
"Я. гашека, 11",Я. гашека,11,5.0,1969.0,Панель,,,base,medium
"Я. гашека, 11а",Я. гашека,11а,5.0,1970.0,Панель,,,base,medium
"Я. гашека, 13",Я. гашека,13,5.0,1960.0,Панель,,,base,medium
"Я. гашека, 16",Я. гашека,16,5.0,,Кирпич,,,base,low
"Я. гашека, 17",Я. гашека,17,,,,,,base,low
"Я. гашека, 17а",Я. гашека,17а,5.0,1972.0,Панель,,,base,medium
"Я. гашека, 2",Я. гашека,2,,,,,,base,low
"Я. гашека, 2а",Я. гашека,2а,5.0,1971.0,Панель,,,base,medium
"Я. гашека, 2б",Я. гашека,2б,5.0,1974.0,Панель,,,base,medium
"Я. гашека, 3",Я. гашека,3,2.0,1958.0,Шлакоблок,,,base,medium
"Я. гашека, 4",Я. гашека,4,,,,,,base,low
"Я. гашека, 4а",Я. гашека,4а,5.0,1972.0,Панель,,,base,medium
"Я. гашека, 5",Я. гашека,5,,,,,,base,low
"Я. гашека, 6",Я. гашека,6,,,,,,base,low
"Я. гашека, 7",Я. гашека,7,,,,,,base,low
"Я. гашека, 8",Я. гашека,8,,,,,,base,low
"Я. гашека, 9",Я. гашека,9,5.0,1968.0,Панель,,,base,medium
"Явл.шоссе, 16",Явл.шоссе,16,2.0,1967.0,Кирпич,,,base,medium
"Явл.шоссе, 20",Явл.шоссе,20,2.0,1967.0,Кирпич,,,base,medium
"Явл.шоссе, 22",Явл.шоссе,22,2.0,1967.0,Кирпич,,,base,medium
"Явл.шоссе, 24",Явл.шоссе,24,2.0,1967.0,Кирпич,,,base,medium
"Явл.шоссе, 26",Явл.шоссе,26,2.0,1967.0,Кирпич,,,base,medium
