полный_адрес;улица;номер_дома;год_постройки;этажность;материал_стен;планировка
1-й Проезд Шмидта, 3;1-й Проезд Шмидта;3;1974;2;к;
1-й Проезд Шмидта, 3а;1-й Проезд Шмидта;3а;;2;к;
2 к-ный проезд, 2;2 к-ный проезд;2;1971;2;к;
2-я Водосточная, 24;2-я Водосточная;24;1980;2;п;
2-я Водостроительная, 16а;2-я Водостроительная;16а;1982;2;п;
2-я Водостроительная, 24;2-я Водостроительная;24;1980;2;п;
2-я Заречная, 51А;2-я Заречная;51А;;3;к;нов
2-я Заречная, 51а;2-я Заречная;51а;1986;3;к;
2-я Заречная, 54;2-я Заречная;54;1965;3;к;
2-я Заречная, 56;2-я Заречная;56;1996;3;к;
2-я Заречная, 58;2-я Заречная;58;1994;3;к;
2-я Новаторная, 10А;2-я Новаторная;10А;2024;5;к;
2-я Новаторная, 10а;2-я Новаторная;10а;2024;5;к;
2-я Новаторная, 2а;2-я Новаторная;2а;2023;5;к;
2-я Первомай-я, 2;2-я Первомай-я;2;1956;2;ш/б;
2-я Первомай-я, 3;2-я Первомай-я;3;1956;2;ш/б;
2-я Первомай-я, 5;2-я Первомай-я;5;1956;2;ш/б;
2-я Первомай-я, 7;2-я Первомай-я;7;1957;2;с/щ;
2Первомайская, 1;2Первомайская;1;1956;2;ш/б;
3 к-ный пр, 14;3 к-ный пр;14;1962;2;к;
3 к-ный пр, 4;3 к-ный пр;4;1962;2;к;
3-й Кирпичный Проезд, 6;3-й Кирпичный Проезд;6;1961;2;;
3-й Кирпичный проезд, 6;3-й Кирпичный проезд;6;1961;2;;ст
3-й Проезд Кирпичный, 4;3-й Проезд Кирпичный;4;;2;к;
314 с.див., 7;314 с.див.;7;1976;5;к;
314 с.дивиз., 64;314 с.дивиз.;64;1983;5;п;
314-й Стрелковой Дивизии, 64;314-й Стрелковой Дивизии;64;1989;5;п;
314-я Стрелковая Дивизия, 142;314-я Стрелковая Дивизия;142;1968;4;к;
314-я Стрелковая Дивизия, 64;314-я Стрелковая Дивизия;64;1989;5;п;
314-я Стрелковая Дивизия, 67;314-я Стрелковая Дивизия;67;1989;5;п;
314-я Стрелковая Дивизия, 7;314-я Стрелковая Дивизия;7;1976;5;к;
315 с.дивиз., 107;315 с.дивиз.;107;1950;2;к;
316 с.дивиз., 138;316 с.дивиз.;138;1970;5;к;
317 с.дивиз., 142;317 с.дивиз.;142;1969;5;к;
318 с.дивиз., 150;318 с.дивиз.;150;1986;5;к;
4 к-ный пр, 16;4 к-ный пр;16;1976;1;к/з;
4 к-ный пр, 6;4 к-ный пр;6;1962;2;к;
4 линия, 14/1;4 линия;14/1;2023;5;к;
4-я Линия, 1;4-я Линия;1;1975;5;п;
4-я Линия, 14;4-я Линия;14;2023;5;к;
4-я Линия, 16;4-я Линия;16;1982;5;п;
4-я Линия, 1а;4-я Линия;1а;1975;5;п;улучш
5-й Проезд Сенной, 18е;5-й Проезд Сенной;18е;2018;5;п;
5-й Проезд Сенной, 20;5-й Проезд Сенной;20;2021;5;п;
5-я Сенная, 18;5-я Сенная;18;2023;5;п;
5-я Сенная, 18а;5-я Сенная;18а;;5;п;
5-я Сенная, 18е;5-я Сенная;18е;2017;5;п;
5-я Сенная, 18к;5-я Сенная;18к;2019;5;п;
5-я Сенная, 18л;5-я Сенная;18л;2017;5;п;
5-я Сенная, 20;5-я Сенная;20;2020;5;п;
Абая, 102;Абая;102;1980;5;п;нов
Абая, 120;Абая;120;1979;5;п;
Абая, 120 а;Абая;120 а;1979;5;п;нов
Абая, 120А;Абая;120А;1980;5;п;нов
Абая, 120а;Абая;120а;1980;5;п;нов
Абая, 25;Абая;25;1982;5;к;
Абая, 30;Абая;30;1984;9;п;
Абая, 31;Абая;31;1979;5;п;
Абая, 33;Абая;33;1975;5;п;
Абая, 34;Абая;34;1982;5;п;
Абая, 35;Абая;35;1975;5;п;
Абая, 40;Абая;40;1980;5;п;нов
Абая, 43;Абая;43;1972;5;п;ул
Абая, 45;Абая;45;1972;5;п;ул
Абая, 47;Абая;47;1973;5;п;
Абая, 49;Абая;49;1973;5;п;
Абая, 51;Абая;51;1973;5;п;
Абая, 53;Абая;53;1981;5;п;ул
Абая, 57;Абая;57;1975;5;к;
Абая, 59;Абая;59;1987;9;п;нов
Абая, 61;Абая;61;1975;5;п;
Абая, 62;Абая;62;1977;5;п;
Абая, 63;Абая;63;1979;5;п;ул
Абая, 65;Абая;65;1988;5;к;
Абая, 66;Абая;66;1974;5;п;
Абая, 67;Абая;67;1978;5;п;ул
Абая, 68;Абая;68;1974;5;п;
Абая, 69;Абая;69;1965;5;п;
Абая, 70;Абая;70;1975;5;п;
Абая, 71;Абая;71;1993;6;к;
Абая, 81;Абая;81;1988;9;п;
Абая, 82;Абая;82;;4;к;
Абая, 84;Абая;84;1974;5;п;
Абая, 86;Абая;86;1973;5;к;ул
Абая, 88;Абая;88;1971;5;п;ул
Абая, 90;Абая;90;1975;5;п;
Абая, 94;Абая;94;1976;5;п;
Абая, 96;Абая;96;1975;5;п;
Абая, 98;Абая;98;1978;5;п;нов
Айыртауская, 1;Айыртауская;1;1971;5;к;
Айыртауская, 10;Айыртауская;10;2006;9;к;
Айыртауская, 13;Айыртауская;13;1967;5;к;ул
Айыртауская, 17;Айыртауская;17;2007;9;к;нов
Айыртауская, 2;Айыртауская;2;;;;
Айыртауская, 3;Айыртауская;3;1968;5;п;
Айыртауская, 4;Айыртауская;4;1958;2;к;
Айыртауская, 5;Айыртауская;5;;;;
Айыртауская, 6;Айыртауская;6;;;;
Айыртауская, 7;Айыртауская;7;;;;
Айыртауская, 8;Айыртауская;8;1960;4;к;ст
Айыртауская, 9;Айыртауская;9;;;;
Алма-Атинская, 13;Алма-Атинская;13;1985;9;п;
Алматинская, 11;Алматинская;11;1976;5;п;
Алматинская, 13;Алматинская;13;1985;9;п;нов
Алматинская, 28;Алматинская;28;1969;5;п;
Алматинская, 36;Алматинская;36;1989;2;к;
Алматинская, 38;Алматинская;38;1979;5;п;
Алматинская, 39;Алматинская;39;1970;5;п;ул
Алматинская, 50;Алматинская;50;1999;4;к;
Алматинская, 6;Алматинская;6;1980;5;п;
Алматинская, 9;Алматинская;9;1978;5;п;ул
Алтын Дала, 11а;Алтын Дала;11а;2023;3;к;
Алтынсарина, 155;Алтынсарина;155;1975;5;п;
Алтынсарина, 161;Алтынсарина;161;1966;5;п;
Алтынсарина, 165;Алтынсарина;165;1984;5;п;ул
Алтынсарина, 172;Алтынсарина;172;1966;4;к;ст
Алтынсарина, 188;Алтынсарина;188;1977;5;п;
Алтынсарина, 194;Алтынсарина;194;1978;5;п;
Алтынсарина, 194/1;Алтынсарина;194/1;2021;7;к;
Алтынсарина, 200;Алтынсарина;200;1985;5;п;ул
Алтынсарина, 201;Алтынсарина;201;1918;2;к/з;
Алтынсарина, 205;Алтынсарина;205;;2;;
Алтынсарина, 21;Алтынсарина;21;2023;17;п;
Алтынсарина, 212;Алтынсарина;212;1990;5;п;
Алтынсарина, 213;Алтынсарина;213;1918;1;к/з;
Алтынсарина, 215;Алтынсарина;215;1918;1;к/з;
Алтынсарина, 216;Алтынсарина;216;1992;6;к;нов
Алтынсарина, 217;Алтынсарина;217;1918;1;д;
Алтынсарина, 221;Алтынсарина;221;1918;2;с/щ;
Алтынсарина, 231;Алтынсарина;231;1978;5;п;
Алтынсарина, 239;Алтынсарина;239;2022;5;к;
Алтынсарина, 240;Алтынсарина;240;1988;5;п;нов
Алтынсарина, 241;Алтынсарина;241;2023;5;к;
Алтынсарина, 241/3;Алтынсарина;241/3;2024;5;к;
Алтынсарина, 243;Алтынсарина;243;2024;7;к;
Алтынсарина, 247;Алтынсарина;247;2022;5;к;
Алтынсарина, 254;Алтынсарина;254;1993;6;п;
Алтынсарина, 259;Алтынсарина;259;2024;5;к;
Алтынсарина, 262;Алтынсарина;262;1992;6;к;
Алтынсарина, 262,;Алтынсарина;262,;1992;6;п;
Алтынсарина, 264;Алтынсарина;264;1991;6;к;
Алтынсарина, 266;Алтынсарина;266;1986;5;п;
Алтынсарина, 339;Алтынсарина;339;1984;5;к;
Алтынсарина, 4;Алтынсарина;4;1987;4;к;
Алтынсарина, 52;Алтынсарина;52;2023;5;к;
Алтынсарина, 61;Алтынсарина;61;2022;9;к;
Амангельды, 141;Амангельды;141;1964;4;к;
Амангельды, 143;Амангельды;143;1963;4;к;
Амангельды, 149;Амангельды;149;1963;1;к;
Амангельды, 151;Амангельды;151;1963;1;к;
Амангельды, 153;Амангельды;153;1963;1;к;
Амангельды, 159;Амангельды;159;1970;5;к;
Амангельды, 160;Амангельды;160;1985;5;к;нов
Амангельды, 167;Амангельды;167;1977;5;п;
Амангельды, 169;Амангельды;169;1977;5;п;
Амангельды, 172;Амангельды;172;1965;4;к;
Амангельды, 1А/22;Амангельды;1А/22;1995;4;к;
Амангельды, 1а;Амангельды;1а;1989;2;к;
Амангельды, не говорит;Амангельды;не говорит;;4;к;ст
Астана, 11;Астана;11;1988;5;к;
Астана, 17;Астана;17;1975;5;к;
Астана, 21;Астана;21;2024;18;п;
Астана, 38;Астана;38;1971;4;к;
Астана, 39;Астана;39;1985;5;к;
Астана, 40;Астана;40;1983;5;к;
Астана, 41;Астана;41;1989;2;к;нов
Астана, 48;Астана;48;1984;5;к;
Астана, 50;Астана;50;1983;5;к;
Астана, 7;Астана;7;1981;5;к;
Астана, 71;Астана;71;2023;18;п;
Астана, 74;Астана;74;1962;5;к;
Астана, 9;Астана;9;1981;5;к;
Ауэзова, 147;Ауэзова;147;1984;5;к;нов
Ауэзова, 150;Ауэзова;150;1972;5;к;ул
Ауэзова, 152;Ауэзова;152;1975;5;к;
Ауэзова, 153;Ауэзова;153;1967;5;п;
Ауэзова, 160;Ауэзова;160;1961;4;к;
Ауэзова, 160а;Ауэзова;160а;2008;6;к;
Ауэзова, 161;Ауэзова;161;1978;5;п;ул
Ауэзова, 162;Ауэзова;162;1961;5;к;
Ауэзова, 165;Ауэзова;165;1975;5;;
Ауэзова, 167;Ауэзова;167;1972;5;к;ул
Ауэзова, 168;Ауэзова;168;1965;5;к;ст
Ауэзова, 173;Ауэзова;173;1961;4/5?;к;
Ауэзова, 174;Ауэзова;174;1976;5;к;
Ауэзова, 180;Ауэзова;180;1970;5;п;
Ауэзова, 182;Ауэзова;182;1970;5;п;
Ауэзова, 183;Ауэзова;183;1954;2;к;
Ауэзова, 184;Ауэзова;184;1987;5;п;
Ауэзова, 187;Ауэзова;187;;5;п;
Ауэзова, 200;Ауэзова;200;1967;5;п;
Ауэзова, 30;Ауэзова;30;;5;;
Ауэзова, 302;Ауэзова;302;1990;2;к;
Ауэзова, 53;Ауэзова;53;1989;6;п;ул
Ахременко, 2;Ахременко;2;1979;5;к;
Ахременко, 3;Ахременко;3;1969;5;к;
Ахременко, 4;Ахременко;4;1965;5;к;
Аягана Шажимбаева, 15;Аягана Шажимбаева;15;1990;10;п;
Базарбаева, 2;Базарбаева;2;1956;2;к;
Базарбаева, 2б;Базарбаева;2б;1973;5;п;
Байбулова, 18А;Байбулова;18А;2017;5;п;
Байбулова, 18е;Байбулова;18е;2019;5;п;
Байбулова, 18к;Байбулова;18к;2020;5;п;
Байбулова, 18л;Байбулова;18л;2019;5;п;
Байбулова, 20;Байбулова;20;2020;5;п;нов
Байбулова, 67;Байбулова;67;2018;5;к;
Байбулова, 69;Байбулова;69;2015;5;;
Байбулова, 71;Байбулова;71;2015;5;к;
Батыр Баян, 26;Батыр Баян;26;1986;5;п;
Батыр Баяна, 11;Батыр Баяна;11;1984;9;п;
Батыр Баяна, 12;Батыр Баяна;12;1995;9;к;
Батыр Баяна, 24;Батыр Баяна;24;2006;5;п;
Батыр Баяна, 26;Батыр Баяна;26;1980;5;п;
Батыр Баяна, 3;Батыр Баяна;3;1987;9;к;
Батыр Баяна, 30;Батыр Баяна;30;1993;5;к;
Батыр Баяна, 32;Батыр Баяна;32;1995;9;к;
Батыр Баяна, 32/147;Батыр Баяна;32/147;1995;9;к;
Батыр Баяна, 58;Батыр Баяна;58;1974;5;к;
Батыр Баяна, 60;Батыр Баяна;60;1982;5;к;
Батыр Баяна, 63;Батыр Баяна;63;1983;5;к;
Батыр Баяна, 65;Батыр Баяна;65;1991;5;к;
Батыр Баяна, 66;Батыр Баяна;66;1990;5;к;
Батыр Баяна, 67;Батыр Баяна;67;1991;5;к;
Батыр Баяна, 69;Батыр Баяна;69;2006;5;к;
Батыр Баяна, 7;Батыр Баяна;7;1995;9;п;
Батыр Баяна, 9;Батыр Баяна;9;1990;6;к;
Батыр баяна, 3;Батыр баяна;3;2006;5;к;
Баяна, 11;Баяна;11;1990;9;к;
Баяна, 26;Баяна;26;1986;5;п;
Баяна, 3;Баяна;3;1987;9;к;
Баяна, 61;Баяна;61;1983;5;к;
Баяна, 65;Баяна;65;1993;6;к;
Березовая, 1;Березовая;1;1971;2;к;
Березовая, 1Б;Березовая;1Б;;4;к;нов
Березовая, 1б;Березовая;1б;2004;4;к;
Березовая, 2;Березовая;2;1971;2;к;
Березовая, 3;Березовая;3;1971;2;к;ст
Береке, 28;Береке;28;2014;3;к;
Бишкуль Ульнова, 19;Бишкуль Ульнова;19;1980;2;к;
Болатбаева, 2;Болатбаева;2;1986;9;п;
Болатбаева, 28;Болатбаева;28;1983;5;п;
Болатбаева, 28/2;Болатбаева;28/2;2021;5;к;
Болатбаева, 28б;Болатбаева;28б;2020;5;к;
Болатбаева, 28г;Болатбаева;28г;2020;5;;
Болатбаева, 2А;Болатбаева;2А;1986;9;п;
Болатбаева, 2а;Болатбаева;2а;;9;п;
Болатбаева, 30;Болатбаева;30;1990;10;п;
Болатбаева, 32;Болатбаева;32;1982;5;п;
Болатбаева, 36;Болатбаева;36;2007;5;к;
Болатбаева, 4;Болатбаева;4;1989;6;б;
Болатбаева, 44;Болатбаева;44;1989;6;;
Болашак, 23;Болашак;23;2023;4;к;
Болашак, 25;Болашак;25;2023;3;к;
Болашак, 27;Болашак;27;2022;3;к;
Болашак, 29;Болашак;29;2021;3;к;
Болашак, 31;Болашак;31;2022;3;к;
Болашак, 32;Болашак;32;2023;4;к;нвст
Бориса Петрова, 13;Бориса Петрова;13;1976;2;д/к;
Бориса Петрова, 15;Бориса Петрова;15;1975;2;к;
Бориса Петрова, 17;Бориса Петрова;17;1977;2;д/б;
Бориса Петрова, 19;Бориса Петрова;19;1978;2;к;
Борки, 6;Борки;6;1990;5;к;
Борки.Студенческая, 6;Борки.Студенческая;6;1990;5;;
Бостанандыкская, 23;Бостанандыкская;23;1979;5;п;
Бостандыкская, 1;Бостандыкская;1;1963;5;к;ст
Бостандыкская, 11;Бостандыкская;11;1963;5;п;
Бостандыкская, 13;Бостандыкская;13;1963;5;п;
Бостандыкская, 17;Бостандыкская;17;1970;5;п;
Бостандыкская, 22;Бостандыкская;22;1983;5;п;ул
Бостандыкская, 23;Бостандыкская;23;1973;5;п;ул
Бостандыкская, 27;Бостандыкская;27;1982;5;п;
Бостандыкская, 3;Бостандыкская;3;1964;4;к;
Бостандыкская, 41;Бостандыкская;41;1982;5;к/б;нов
Бостандыкская, 44;Бостандыкская;44;1971;5;к;
Бостандыкская, 54;Бостандыкская;54;1971;5;к;
Бостандыкская, 56;Бостандыкская;56;1977;5;п;
Бостандыкская, 57;Бостандыкская;57;1977;5;п;
Бостандыкская, 78;Бостандыкская;78;1976;5;п;ул
Бостандыкская, 86;Бостандыкская;86;1979;5;п;
Брусиловского, 12;Брусиловского;12;1964;5;п;
Брусиловского, 15;Брусиловского;15;1973;5;п;
Брусиловского, 1а;Брусиловского;1а;;;;
Брусиловского, 2;Брусиловского;2;1975;5;к;
Брусиловского, 34;Брусиловского;34;1980;5;п;
Брусиловского, 46;Брусиловского;46;1960;1;;
Брусиловского, 5;Брусиловского;5;1973;5;п;
Брусиловского, 58;Брусиловского;58;1983;5;к;
Брусиловского, 61;Брусиловского;61;1972;5;п;
Брусиловского, 63;Брусиловского;63;1974;5;п;
Брусиловского, 63а;Брусиловского;63а;2022;9;к;
Брусиловского, 65;Брусиловского;65;1976;5;п/к?;ст
Брусиловского, 70;Брусиловского;70;1983;5;к;нов
Брусиловского, 74;Брусиловского;74;1980;5;к;
Букетова, 10;Букетова;10;1970;5;к;
Букетова, 14;Букетова;14;1964;5;п;
Букетова, 18;Букетова;18;1964;5;п;
Букетова, 2;Букетова;2;1960;4;к;
Букетова, 20;Букетова;20;1985;5;к;нов
Букетова, 27;Букетова;27;1963;1;к;
Букетова, 29;Букетова;29;1963;1;к;
Букетова, 3;Букетова;3;1970;5;п;ул
Букетова, 30;Букетова;30;1972;5;к;
Букетова, 31;Букетова;31;1963;1;к;
Букетова, 32;Букетова;32;1975;5;к;
Букетова, 35;Букетова;35;1963;1;к;
Букетова, 38;Букетова;38;1966;5;к;нов
Букетова, 42;Букетова;42;1962;4;к;
Букетова, 44;Букетова;44;1963;5;к;нов
Букетова, 45;Букетова;45;1963;4;к;
Букетова, 46;Букетова;46;1951;4;к;
Букетова, 48;Букетова;48;1970;5;к;ст
Букетова, 49;Букетова;49;1969;5;к;
Букетова, 5;Букетова;5;1976;5;п;
Букетова, 51;Букетова;51;1969;5;п;
Букетова, 53;Букетова;53;1975;5;п;
Букетова, 54;Букетова;54;1977;5;к;нов
Букетова, 57;Букетова;57;1977;5;п;
Букетова, 58;Букетова;58;1980;5;к;ул
Букетова, 59;Букетова;59;1977;5;п;
Букетова, 6;Букетова;6;1960;1;п;
Букетова, 61;Букетова;61;1978;5;п;
Букетова, 65;Букетова;65;1977;5;п;
Букетова, 77;Букетова;77;1978;5;п;нов
Букетова, 79;Букетова;79;1977;5;п;
Букетова, 9;Букетова;9;1980;5;п;
Булатбаева, 4;Булатбаева;4;1991;6;п;нов
Валиханова, 1;Валиханова;1;2022;9;к;
Валиханова, 1/3;Валиханова;1/3;2022;9;к;
Валиханова, 1/4;Валиханова;1/4;2023;9;к;
Валиханова, 1/6;Валиханова;1/6;2022;9;к;
Валиханова, 1/7;Валиханова;1/7;2023;9;к;
Валиханова, 10;Валиханова;10;1960;4;к;
Валиханова, 11;Валиханова;11;1970;5;к;
Валиханова, 12;Валиханова;12;1960;4;к;
Валиханова, 14;Валиханова;14;1958;3;к;
Валиханова, 16;Валиханова;16;1960;3;к;
Валиханова, 17;Валиханова;17;1972;5;к;
Валиханова, 19;Валиханова;19;1992;9;п;
Валиханова, 2;Валиханова;2;1961;4;к;
Валиханова, 21;Валиханова;21;;5;;
Валиханова, 22;Валиханова;22;1960;3;к;
Валиханова, 23;Валиханова;23;1992;9;п;
Валиханова, 25;Валиханова;25;1993;9;к;
Валиханова, 26;Валиханова;26;2005;3;п;
Валиханова, 27А;Валиханова;27А;2006;5;к;
Валиханова, 27а;Валиханова;27а;2007;6;к;
Валиханова, 28;Валиханова;28;1972;5;к;
Валиханова, 3;Валиханова;3;1972;5;к;
Валиханова, 30;Валиханова;30;1969;5;п;
Валиханова, 32;Валиханова;32;1989;6;к;
Валиханова, 32А;Валиханова;32А;2024;9;к;
Валиханова, 34;Валиханова;34;1970;5;п;
Валиханова, 36;Валиханова;36;1995;6;к;
Валиханова, 38;Валиханова;38;1974;5;п;
Валиханова, 4;Валиханова;4;1963;5;к;
Валиханова, 40;Валиханова;40;2023;9;к;
Валиханова, 44;Валиханова;44;2006;6;п;
Валиханова, 46;Валиханова;46;2007;6;к;
Валиханова, 46В;Валиханова;46В;2013;5;к;
Валиханова, 46а;Валиханова;46а;2007;3;п;
Валиханова, 46б;Валиханова;46б;2005;5;к;
Валиханова, 46в;Валиханова;46в;2013;5;к;
Валиханова, 48;Валиханова;48;2005;5;к;
Валиханова, 48А;Валиханова;48А;2005;5;к;
Валиханова, 48а;Валиханова;48а;2007;5;к;
Валиханова, 5;Валиханова;5;1969;5;п;
Валиханова, 6;Валиханова;6;1963;5;к;
Валиханова, 7;Валиханова;7;1969;5;п;
Валиханова, 8;Валиханова;8;1964;5;к;
Васильева, 105;Васильева;105;1969;5;к;
Васильева, 11;Васильева;11;1988;5;к;
Васильева, 17;Васильева;17;1975;5;к;
Васильева, 18;Васильева;18;1991;5;к;
Васильева, 34;Васильева;34;1961;2;к;
Васильева, 36;Васильева;36;1962;3;к;
Васильева, 40;Васильева;40;1980/85;5;к;
Васильева, 61в;Васильева;61в;2014;7;п;
Васильева, 63;Васильева;63;1974;3;к;
Васильева, 67;Васильева;67;2023;9;к;нов
Васильева, 7;Васильева;7;1977;5;к;
Васильева, 9;Васильева;9;1981;5;к;
Вильямса, 30;Вильямса;30;1986;2;к;
Водостроительная, 110;Водостроительная;110;1968;2;к;
Водостроительная, 112;Водостроительная;112;1968;2;к;
Водостроительная, 116;Водостроительная;116;1967;2;с/щ;
Водостроительная, 118;Водостроительная;118;1967;2;с/щ;
Водостроительная, 120;Водостроительная;120;1968;2;с/щ;
Водостроительная, 122;Водостроительная;122;1969;2;к;
Водостроительная, 124;Водостроительная;124;1972;2;к;
Водостроительная, 126;Водостроительная;126;1972;2;к;
Водостроительная, 128;Водостроительная;128;1972;2;к;
Водостроительная, 130;Водостроительная;130;1973;2;к;
Водостроительная, 130а;Водостроительная;130а;1985;2;к;
Водостроительная, 136;Водостроительная;136;1980;2;к;
Водостроительная, 53;Водостроительная;53;1976;1;п;
Водостроительная, 55;Водостроительная;55;1976;1;к;
Вознесенская, 34;Вознесенская;34;1960;2;к;
Володаравоского, 3;Володаравоского;3;1986;5;к;
Володаровского, 126;Володаровского;126;1995;9;п;
Володаровского, 3;Володаровского;3;1980;5;к;
Володаровского, 45;Володаровского;45;;3;к;нов
Володаровского, 75;Володаровского;75;1979;5;п;ул
Володарского, 126;Володарского;126;1997;10/9/2015;п;нов
Володарского, 20;Володарского;20;1980;1;;
Володарского, 3;Володарского;3;1986;5;к;
Володарского, 45;Володарского;45;1986;3;к;нов
Володарского, 47;Володарского;47;1992;10;п;
Володарского, 49;Володарского;49;1989;10;п;
Володарского, 75;Володарского;75;1979;5;п;
Володарского, 77;Володарского;77;1983;5;п;
Володарского, 79;Володарского;79;1957;2;к;
Володарского, 94;Володарского;94;1977;5;п;ул
Воровского, 73;Воровского;73;1994;6;к;нов
Воровского, 79;Воровского;79;1993;5;к;
Гагарина, 18Л;Гагарина;18Л;2017;5;п;
Гагарина, 2;Гагарина;2;1992;3;к;
Гагарина, 23;Гагарина;23;1997;5/4/2015;к;
Гагарина, 25;Гагарина;25;1991;4;к;
Гагарина, 2А;Гагарина;2А;1996;5;к;
Гагарина, 2а;Гагарина;2а;1995;4;п;
Гагарина, 4;Гагарина;4;1985;3;к;ул
Гагарина, 46;Гагарина;46;2017;5;к;
Гагарина, 4А;Гагарина;4А;2013;5;к;
Гагарина, 4Б;Гагарина;4Б;2022;5;к;
Гагарина, 4а;Гагарина;4а;2013;5;к;
Гагарина, 4б;Гагарина;4б;2022;5;к;
Гагарина, 5;Гагарина;5;1985;4;п;
Гагарина, 7;Гагарина;7;1985;4;п;ст
Гагарина, 8А;Гагарина;8А;2025;5;к;
Гагарина, 8а;Гагарина;8а;2025;5;к;
Гагарина, 9;Гагарина;9;1990;4;п/к;
Гастелло, 2а;Гастелло;2а;2015;5;к;
Гастелло, 36;Гастелло;36;2017;5;к;
Гастелло, 38;Гастелло;38;2017;5;к;
Гастелло, 40;Гастелло;40;2020;5;к;
Гастелло, 42;Гастелло;42;2016;5;к;
Гастелло, 44;Гастелло;44;2016;5;к;
Гастелло, 46;Гастелло;46;2015;5;к;
Гастелло, 47;Гастелло;47;2017;5;к;нов
Гастелло, 48;Гастелло;48;2016;5;к;
Гастелло, 50;Гастелло;50;2016;5;к;
Гастелло, 52;Гастелло;52;2015;5;к;
Гашека, 1;Гашека;1;1960;2;б;
Гашека, 13;Гашека;13;1975;5;п;
Гашека, 16;Гашека;16;1974;5;к;
Гашека, 17;Гашека;17;1970;5;п;
Гашека, 17а;Гашека;17а;1973;5;п;
Гашека, 2б;Гашека;2б;1974;5;п;
Гашека, 3а;Гашека;3а;1970;2;б;
Гашека, 4А;Гашека;4А;1971;5;п;
Гашека, 4а;Гашека;4а;1972;5;п;
Гашека, 9;Гашека;9;1968;5;п;
Гоголя, 13;Гоголя;13;1974;5;к;
Гоголя, 14;Гоголя;14;1974;5;свп;
Гоголя, 19;Гоголя;19;1975;5;свп;
Гоголя, 20;Гоголя;20;1981;5;п;нов
Гоголя, 25;Гоголя;25;1978;5;п;
Гоголя, 31;Гоголя;31;1989;5;к;
Гоголя, 36;Гоголя;36;1981;5;п;
Гоголя, 9;Гоголя;9;1976;5;к;
Горького, 10;Горького;10;2024;17;п;
Горького, 14;Горького;14;2022;9;к;
Горького, 16;Горького;16;2023;9;к;
Горького, 166;Горького;166;1974;5;п;ул
Горького, 172;Горького;172;1964;5;к;ст
Горького, 173;Горького;173;1987;6;п;
Горького, 175;Горького;175;1987;6;п;
Горького, 179;Горького;179;1983;5;п;ст
Горького, 6;Горького;6;2024;17;к;
Горького, 8;Горького;8;2023;17;к;
Громова, 4;Громова;4;1995;3;к;
Громовой, 2а;Громовой;2а;1992;4;к;
Громовой, 4;Громовой;4;1991;3;к;
Гуденко, 7;Гуденко;7;1960;2;;
Джамбула, 1;Джамбула;1;1975;2;к;
Джамбула, 1а;Джамбула;1а;91/93;10;п;
Джамбула, 1б;Джамбула;1б;1995;9;п;
Джамбула, 1г;Джамбула;1г;1994;10;п;
Джамбула, 3;Джамбула;3;1963;2;бр;
Джамбула, 5;Джамбула;5;1963;2;бр;
Джамбула(старое), 1;Джамбула(старое);1;;2;;
Досухамбетова, 13;Досухамбетова;13;1995;3;к;
Досухамбетова, 19;Досухамбетова;19;2014;5;к;
Дусухамбетова, 11;Дусухамбетова;11;1995;3;к;
Дусухамбетова, 19;Дусухамбетова;19;2013;5;к;
Дусухамбетова, 6;Дусухамбетова;6;1994;3;к;
Дусухомбетова, 10;Дусухомбетова;10;;3;к;
Дусухомбетова, 11;Дусухомбетова;11;1995;3;к;
Дусухомбетова, 13;Дусухомбетова;13;1995;3;к;
Дусухомбетова, 17;Дусухомбетова;17;1994;4;к;
Дусухомбетова, 17а;Дусухомбетова;17а;;5;п;
Дусухомбетова, 2;Дусухомбетова;2;1995;3;к;
Дусухомбетова, 8;Дусухомбетова;8;1995;4;п;
Евнея Букетова, 20;Евнея Букетова;20;1986;5;к;
Егемен Казахстан, 20;Егемен Казахстан;20;1991;5;к;
Егемен Казахстан, 30;Егемен Казахстан;30;;5;к;
Егемен Казахстан, 4;Егемен Казахстан;4;1970;2;к;
Егемен Казахстан, 40;Егемен Казахстан;40;1981;5;к;
Егемен Казахстан, 46;Егемен Казахстан;46;1983;5;к;
Есиль Сити Набережная, 23;Есиль Сити Набережная;23;2025;9;к;
Жабаева, 10;Жабаева;10;1975;2;;ул
Жабаева, 106;Жабаева;106;2022;;к;
Жабаева, 11;Жабаева;11;2021;18;п;
Жабаева, 123;Жабаева;123;1986;9;п;
Жабаева, 125;Жабаева;125;1978;5;к;
Жабаева, 127;Жабаева;127;1974;4;к;
Жабаева, 129;Жабаева;129;1974;4;к;
Жабаева, 137;Жабаева;137;1979;5;к;
Жабаева, 141;Жабаева;141;1979;5;к;
Жабаева, 142;Жабаева;142;2018;12;к;
Жабаева, 142б;Жабаева;142б;2017;16;п;
Жабаева, 143;Жабаева;143;1965;5;к;
Жабаева, 150;Жабаева;150;1989;10;п;
Жабаева, 152;Жабаева;152;1987;5;п;
Жабаева, 154;Жабаева;154;1985;9;п;
Жабаева, 156;Жабаева;156;1990;9;;
Жабаева, 157;Жабаева;157;1966;5;п;
Жабаева, 16;Жабаева;16;1971;2;к;
Жабаева, 161;Жабаева;161;1976;5;п;ул
Жабаева, 167;Жабаева;167;1966;5;п;
Жабаева, 17;Жабаева;17;1972;5;п;
Жабаева, 172;Жабаева;172;1974;9;к;
Жабаева, 188;Жабаева;188;1967;5;к;
Жабаева, 193А;Жабаева;193А;;5;к;
Жабаева, 193а;Жабаева;193а;2005;5;к;
Жабаева, 196А;Жабаева;196А;2006;5;к;
Жабаева, 196а;Жабаева;196а;2006;5;к;
Жабаева, 200;Жабаева;200;2023;5;к;нвст
Жабаева, 202А;Жабаева;202А;2008;5;к;
Жабаева, 202а;Жабаева;202а;2008;5;к;
Жабаева, 205/1;Жабаева;205/1;1969;1;;
Жабаева, 22;Жабаева;22;1969;2;к;
Жабаева, 22/2;Жабаева;22/2;1969;2;ш;
Жабаева, 258;Жабаева;258;1975;5;к;
Жабаева, 270;Жабаева;270;1973;5;п;
Жабаева, 274;Жабаева;274;1986;5;к;
Жабаева, 276;Жабаева;276;1960;4;к;
Жабаева, 290;Жабаева;290;1967;5;п;
Жабаева, 292;Жабаева;292;1966;5;п;
Жабаева, 294;Жабаева;294;1966;5;п;ст
Жабаева, 296;Жабаева;296;;5;п;
Жабаева, 298;Жабаева;298;1966;5;п;
Жабаева, 298а;Жабаева;298а;1965;5;п;
Жабаева, 36;Жабаева;36;2022;16;п;
Жабаева, 38;Жабаева;38;2021;12;к;
Жабаева, 40;Жабаева;40;2021;16;к;
Жабаева, 44;Жабаева;44;2020;9;к;
Жабаева, 44/1;Жабаева;44/1;2019;9;к;
Жабаева, 44/2;Жабаева;44/2;2021;9;к;нвст
Жабаева, 44/3;Жабаева;44/3;2019;9;к;
Жабаева, 44/4;Жабаева;44/4;2019;9;к;
Жабаева, 44/5;Жабаева;44/5;2020;9;к;нов
Жабаева, 49;Жабаева;49;2020;19;;
Жабаева, 49А;Жабаева;49А;;18;п;
Жабаева, 49Б;Жабаева;49Б;2021;18;к;
Жабаева, 49а;Жабаева;49а;2020;18;п;
Жабаева, 49б;Жабаева;49б;2021;18;п;
Жабаева, 53;Жабаева;53;2018;9;к;
Жабаева, 71А;Жабаева;71А;2012;9;к;
Жабаева, 80;Жабаева;80;2019;9;к;
Жабаева, 94;Жабаева;94;1966;5;п;
Жалела Кизатова, 2;Жалела Кизатова;2;1980;5;;
Жалела Кизатова, 284;Жалела Кизатова;284;1977;5;п;
Жалела Кизатова, 2б;Жалела Кизатова;2б;1987;5;к;
Жалела Кизатова, 3/2;Жалела Кизатова;3/2;2010;5;к;
Жалела Кизатова, 3в;Жалела Кизатова;3в;2007;5;к;
Жалела Кизатова, 3д;Жалела Кизатова;3д;2008;5;к;
Жалела Кизатова, 3м;Жалела Кизатова;3м;2010;5;к;
Жалела Кизатова, 4;Жалела Кизатова;4;1970;5;п;
Жалела Кизатова, 5Н;Жалела Кизатова;5Н;2013;9;к;
Жалела Кизатова, 5а;Жалела Кизатова;5а;1991;3;к;
Жалела Кизатова, 5н;Жалела Кизатова;5н;2015;9;к;
Жалела Кизатова, 5п;Жалела Кизатова;5п;2017;9;к;
Жалела Кизатова, 5р;Жалела Кизатова;5р;2016;9;к;
Жалела Кизатова, 9б;Жалела Кизатова;9б;2011;9;п;
Жалела Кизатова, 9д;Жалела Кизатова;9д;2018;9;п;
Жамбыла, 1;Жамбыла;1;1975;2;к;
Жамбыла, 1/1;Жамбыла;1/1;2020;3;п;
Жамбыла, 10;Жамбыла;10;1975;2;дер;
Жамбыла, 11;Жамбыла;11;2022;18;п;
Жамбыла, 12;Жамбыла;12;1973;2;к/б;
Жамбыла, 121;Жамбыла;121;1986;9;п;
Жамбыла, 123;Жамбыла;123;1990;9;п;
Жамбыла, 125;Жамбыла;125;1978;5;к;
Жамбыла, 129;Жамбыла;129;1967;4;к;
Жамбыла, 131;Жамбыла;131;1961;3;п;
Жамбыла, 133;Жамбыла;133;1978;5;к;
Жамбыла, 135;Жамбыла;135;1962;4;к;
Жамбыла, 137;Жамбыла;137;1962;4;к;
Жамбыла, 138;Жамбыла;138;1991;9;п;
Жамбыла, 139;Жамбыла;139;1961;3;к;
Жамбыла, 14;Жамбыла;14;1972;2;ш/б;
Жамбыла, 141;Жамбыла;141;;5;к;
Жамбыла, 142;Жамбыла;142;2016;12;п;
Жамбыла, 143;Жамбыла;143;1971;5;к;
Жамбыла, 147;Жамбыла;147;1971;5;к;
Жамбыла, 149;Жамбыла;149;1962;4;к;
Жамбыла, 150;Жамбыла;150;1990;10;п;
Жамбыла, 151;Жамбыла;151;1970;5;к;
Жамбыла, 152;Жамбыла;152;1986;5;п;
Жамбыла, 153;Жамбыла;153;1971;5;к;
Жамбыла, 154;Жамбыла;154;1986;9;п;нов
Жамбыла, 156;Жамбыла;156;1989;9;п;
Жамбыла, 158;Жамбыла;158;1986;5;п;
Жамбыла, 159;Жамбыла;159;1962;4;к;
Жамбыла, 16;Жамбыла;16;1971;2;к;нов
Жамбыла, 160;Жамбыла;160;1986;9;п;
Жамбыла, 163;Жамбыла;163;1958;4;к;
Жамбыла, 167;Жамбыла;167;1966;5;п;ст
Жамбыла, 169;Жамбыла;169;1976;5;п;
Жамбыла, 173;Жамбыла;173;1968;5;п;
Жамбыла, 176;Жамбыла;176;;2;к;
Жамбыла, 177;Жамбыла;177;1972;5;п;
Жамбыла, 18;Жамбыла;18;1957;2;к;
Жамбыла, 188;Жамбыла;188;;5;к;
Жамбыла, 193А;Жамбыла;193А;2006;5;к;
Жамбыла, 193а;Жамбыла;193а;2006;5;к;
Жамбыла, 196А;Жамбыла;196А;2006;5;к;
Жамбыла, 196а;Жамбыла;196а;2006;5;к;
Жамбыла, 1А;Жамбыла;1А;1991;10;п;
Жамбыла, 1а;Жамбыла;1а;1995;9;п;
Жамбыла, 1б;Жамбыла;1б;1996;9;п;
Жамбыла, 1г;Жамбыла;1г;1998;9;п;
Жамбыла, 20;Жамбыла;20;1957;2;к;
Жамбыла, 200;Жамбыла;200;2007;5;к;
Жамбыла, 202а;Жамбыла;202а;2006;5;к;
Жамбыла, 22;Жамбыла;22;1969;2;к;
Жамбыла, 228;Жамбыла;228;1972;9;к;
Жамбыла, 230;Жамбыла;230;1974;9;к;
Жамбыла, 234;Жамбыла;234;1965;2;к;
Жамбыла, 254;Жамбыла;254;1963;1;к;
Жамбыла, 258;Жамбыла;258;1975;5;к;
Жамбыла, 262;Жамбыла;262;1967;5;к;
Жамбыла, 264;Жамбыла;264;1975;5;к;
Жамбыла, 264к2;Жамбыла;264к2;1973;5;п;
Жамбыла, 270;Жамбыла;270;1973;5;п;
Жамбыла, 272;Жамбыла;272;;5;к;
Жамбыла, 272Б;Жамбыла;272Б;2024;5;к;
Жамбыла, 274;Жамбыла;274;1981;5;к;
Жамбыла, 276;Жамбыла;276;1964;4;к;
Жамбыла, 288;Жамбыла;288;1960;5;к;
Жамбыла, 290;Жамбыла;290;1966;5;п;
Жамбыла, 292;Жамбыла;292;;5;;
Жамбыла, 294;Жамбыла;294;1966;5;п;
Жамбыла, 296;Жамбыла;296;1966;5;п;ст
Жамбыла, 298;Жамбыла;298;1966;5;п;
Жамбыла, 298а;Жамбыла;298а;1965;5;п;
Жамбыла, 36;Жамбыла;36;2021;16;к;
Жамбыла, 38;Жамбыла;38;2020;;к;
Жамбыла, 4;Жамбыла;4;1958;2;к;
Жамбыла, 40;Жамбыла;40;2022;16;к;
Жамбыла, 44;Жамбыла;44;;9;к;
Жамбыла, 44/1;Жамбыла;44/1;2019;9;к;
Жамбыла, 44/2;Жамбыла;44/2;;9;к;нов
Жамбыла, 44/4;Жамбыла;44/4;2019;9;к;нов
Жамбыла, 44/5;Жамбыла;44/5;2018;9;к;
Жамбыла, 49;Жамбыла;49;2020;18;п;
Жамбыла, 49Б;Жамбыла;49Б;2021;18;п;
Жамбыла, 49а;Жамбыла;49а;2020;18;п;
Жамбыла, 49б;Жамбыла;49б;2021;18;к;нов
Жамбыла, 5;Жамбыла;5;2021;18;п;
Жамбыла, 59;Жамбыла;59;1959;2;к;
Жамбыла, 61;Жамбыла;61;1952;2;ш/б;
Жамбыла, 63;Жамбыла;63;1955;2;ш/б;
Жамбыла, 65;Жамбыла;65;1957;2;к;
Жамбыла, 71;Жамбыла;71;2012;9;п;
Жамбыла, 71а;Жамбыла;71а;2012;9;;
Жамбыла, 76;Жамбыла;76;1961;4;к;
Жамбыла, 8;Жамбыла;8;1959;3;к;
Жамбыла, 80;Жамбыла;80;1961;2;к;нвст
Жамбыла, 82;Жамбыла;82;1961;2;к;
Жамбыла, 84;Жамбыла;84;1961;2;к;
Жамбыла, 86;Жамбыла;86;1961;4;к;
Жамбыла, 88;Жамбыла;88;1963;5;п;
Жамбыла, 90;Жамбыла;90;1966;5;п;
Жамбыла, 92;Жамбыла;92;1966;5;п;
Жамбыла, 94;Жамбыла;94;1966;5;п;
Жамбыла, 96;Жамбыла;96;1966;5;п;
Жамбыла, 98;Жамбыла;98;1965;5;п;
Жамбыла Жабаева, 1/1;Жамбыла Жабаева;1/1;2020;3;п;
Жамбыла Жабаева, 11;Жамбыла Жабаева;11;2022;18;п;
Жамбыла Жабаева, 137;Жамбыла Жабаева;137;1973;5;к;
Жамбыла Жабаева, 14;Жамбыла Жабаева;14;1972;23;;
Жамбыла Жабаева, 142;Жамбыла Жабаева;142;2016;12;п;нов
Жамбыла Жабаева, 150;Жамбыла Жабаева;150;1991;9;п;
Жамбыла Жабаева, 154;Жамбыла Жабаева;154;;9;п;ул
Жамбыла Жабаева, 17;Жамбыла Жабаева;17;1972;5;п;
Жамбыла Жабаева, 193А;Жамбыла Жабаева;193А;2006;5;к;
Жамбыла Жабаева, 193а;Жамбыла Жабаева;193а;2006;5;;
Жамбыла Жабаева, 196А;Жамбыла Жабаева;196А;2006;5;к;нов
Жамбыла Жабаева, 200;Жамбыла Жабаева;200;2007;5;к;
Жамбыла Жабаева, 276;Жамбыла Жабаева;276;1960;4;к;
Жамбыла Жабаева, 290;Жамбыла Жабаева;290;1968;5;п;
Жамбыла Жабаева, 38;Жамбыла Жабаева;38;2022;12;к;
Жамбыла Жабаева, 44;Жамбыла Жабаева;44;2019;9;к;
Жамбыла Жабаева, 44/5;Жамбыла Жабаева;44/5;2020;9;к;
Жамбыла Жабаева, 49а;Жамбыла Жабаева;49а;2021;18;к;
Жамбыла Жабаева, 53;Жамбыла Жабаева;53;2019;9;к;
Жамбыла Жабаева, 71А;Жамбыла Жабаева;71А;2014;9;;
Жамбыла Жабаева, 71а;Жамбыла Жабаева;71а;2012;9;к;
Жукова, 1;Жукова;1;1990;6;к;нов
Жукова, 11;Жукова;11;1991;5;п;
Жукова, 13;Жукова;13;1993;10;п;нов
Жукова, 21;Жукова;21;1994;9;п;нов
Жукова, 21А;Жукова;21А;1994;10;п;
Жукова, 21а;Жукова;21а;1994;10;п;
Жукова, 21б;Жукова;21б;1994;10;п;
Жукова, 21в;Жукова;21в;1997;10;п;нов
Жукова, 23;Жукова;23;1994/96;10;п;
Жукова, 23а;Жукова;23а;2010;5;к;
Жукова, 3;Жукова;3;1990;6;к;нов
Жукова, 32;Жукова;32;;5;к;
Жукова, 34;Жукова;34;2018;5;п;
Жукова, 36;Жукова;36;2018;5;п;
Жукова, 38;Жукова;38;2019;5;п;
Жукова, 4;Жукова;4;;;;
Жукова, 5;Жукова;5;1993;6;к;
Жукова, 5а;Жукова;5а;1993;5;п;нов
Жукова, 5в;Жукова;5в;2007;5;к;
Жукова, 7;Жукова;7;1991;10;п;нов
Жукова, 9;Жукова;9;1988;10;п;ул
Жумабаева, 101;Жумабаева;101;1970;5;к;
Жумабаева, 102;Жумабаева;102;1974;5;п;ул
Жумабаева, 105;Жумабаева;105;1965;5;к;ул
Жумабаева, 107;Жумабаева;107;1964;5;п;
Жумабаева, 108;Жумабаева;108;1970;5;к;
Жумабаева, 113;Жумабаева;113;1982;9;п;нов
Жумабаева, 115;Жумабаева;115;1992;9;п;
Жумабаева, 116;Жумабаева;116;1984;9;п;нов
Жумабаева, 117;Жумабаева;117;1990;6;к;
Жумабаева, 121;Жумабаева;121;1985;5;к;
Жумабаева, 154;Жумабаева;154;1990;9;п;нов
Жумабаева, 194;Жумабаева;194;1991;9;;
Жумабаева, 290;Жумабаева;290;1975;5;п;
Жумабаева, 359;Жумабаева;359;;9;;
Жумабаева, 36;Жумабаева;36;2002;6;;нов
Жумабаева, 361;Жумабаева;361;;9;;
Жумабаева, 363;Жумабаева;363;;9;п;
Жумабаева, 48;Жумабаева;48;1972;2;;
Жумабаева, 59;Жумабаева;59;1996;5;п;
Жумабаева, 76;Жумабаева;76;1986;9;к;нов
Жумабаева, 93;Жумабаева;93;1982;7;п;
Жумабаева, 95;Жумабаева;95;1980;5;п;ул
Жумабаева, 98;Жумабаева;98;1987;5;к;
Заводская, 17;Заводская;17;1962;4;к;
Заводская, 18;Заводская;18;1968;5;к;
Заводская, 20;Заводская;20;1962;2;к;
Заводская, 22;Заводская;22;1963;5;п;
Заводская, 23;Заводская;23;1969;5;к;
Заводская, 24;Заводская;24;1958;2;;
Заводская, 28;Заводская;28;1960;2;;
Заводская, 30;Заводская;30;1961;2;;
Заводская, 32;Заводская;32;1956;3;к;ст
Заводская, 34;Заводская;34;1954;2;;
Заводская, 36;Заводская;36;1968;5;п;
Заозерная, 30;Заозерная;30;1985;2;к;
Заречная 1, 97;Заречная 1;97;1975;3;к;
Заречная 2, 51;Заречная 2;51;1987;3;к;
Заречная 2, 51а;Заречная 2;51а;1989;3;к;
Заречная 2, 54;Заречная 2;54;1987;3;к;
Заречная 2, 56;Заречная 2;56;1989;3;к;
Заречная 2, 58;Заречная 2;58;1987;3;к;
Зеленая, 20;Зеленая;20;1982;3;к;
Зои Космодемьянской, 1;Зои Космодемьянской;1;1947;2;к;
Зои Космодемьянской, 10;Зои Космодемьянской;10;1961;3;п;ст
Зои Космодемьянской, 12;Зои Космодемьянской;12;1939;2;к;
Зои Космодемьянской, 14;Зои Космодемьянской;14;1939;2;к;
Зои Космодемьянской, 2;Зои Космодемьянской;2;1940;2;к;
Зои Космодемьянской, 3;Зои Космодемьянской;3;1946;2;к;
Зои Космодемьянской, 39;Зои Космодемьянской;39;1937;1;ш/б;
Зои Космодемьянской, 4;Зои Космодемьянской;4;1940;2;к;
Зои Космодемьянской, 41;Зои Космодемьянской;41;1957;1;д;
Зои Космодемьянской, 5;Зои Космодемьянской;5;1940;2;к;
Зои Космодемьянской, 6;Зои Космодемьянской;6;1961;3;п;
Зои Космодемьянской, 7;Зои Космодемьянской;7;1947;2;ш/б;
Зои Космодемьянской, 8;Зои Космодемьянской;8;1939;2;к;
Зоя Космодемьянская, 14;Зоя Космодемьянская;14;1950;2;к;
Ибраева, 1;Ибраева;1;2012;5;к;
Ибраева, 10;Ибраева;10;1999;3;к;
Ибраева, 12;Ибраева;12;2018;5;к;
Ибраева, 12А;Ибраева;12А;2018;5;к;
Ибраева, 12а;Ибраева;12а;2018;5;к;
Ибраева, 13;Ибраева;13;2012;5;к;
Ибраева, 15;Ибраева;15;2013;5;к;
Ибраева, 17;Ибраева;17;1994;4;к;
Ибраева, 17а;Ибраева;17а;2004;5;п;
Ибраева, 17б;Ибраева;17б;2016;5;к;
Ибраева, 2;Ибраева;2;1995;3;к;нов
Ибраева, 21;Ибраева;21;2015;5;к;
Ибраева, 8;Ибраева;8;1995;4;п;нов
Ибраева, 9;Ибраева;9;2014;5;к;
Индустриальная, 29;Индустриальная;29;2023;3;к;нов
Индустриальная, 9;Индустриальная;9;;2;к;
Индустриальный проезд, 29;Индустриальный проезд;29;2022;3;к;нов
Интернациональная, 1;Интернациональная;1;;;;
Интернациональная, 10;Интернациональная;10;1965;5;п;ст
Интернациональная, 11;Интернациональная;11;1960;4;к;
Интернациональная, 12;Интернациональная;12;1965;5;п;
Интернациональная, 13;Интернациональная;13;1961;4;п;
Интернациональная, 14;Интернациональная;14;1986;5;п;
Интернациональная, 15;Интернациональная;15;1961;4;п;ст
Интернациональная, 16;Интернациональная;16;1959;2;к;ст
Интернациональная, 17;Интернациональная;17;;;;
Интернациональная, 18;Интернациональная;18;1958;2;п;
Интернациональная, 19;Интернациональная;19;1969;4;к;
Интернациональная, 2;Интернациональная;2;1968;5;п;
Интернациональная, 20;Интернациональная;20;1958;2;п;
Интернациональная, 20А;Интернациональная;20А;1971;5;к;ул
Интернациональная, 21;Интернациональная;21;1971;5;к;ст
Интернациональная, 22;Интернациональная;22;1969;5;п;
Интернациональная, 23;Интернациональная;23;;;;
Интернациональная, 24;Интернациональная;24;1961;5;п;
Интернациональная, 25;Интернациональная;25;1964;5;п;
Интернациональная, 26;Интернациональная;26;;;;
Интернациональная, 27;Интернациональная;27;1963;5;к;
Интернациональная, 28;Интернациональная;28;;;;
Интернациональная, 29;Интернациональная;29;1964;5;п;
Интернациональная, 2а;Интернациональная;2а;1978;5;к;
Интернациональная, 3;Интернациональная;3;1961;4;п;
Интернациональная, 30;Интернациональная;30;1966;5;к;ст
Интернациональная, 30А;Интернациональная;30А;2007;5;к;нов
Интернациональная, 30а;Интернациональная;30а;2007;5;к;
Интернациональная, 31;Интернациональная;31;1954;2;к;
Интернациональная, 32;Интернациональная;32;1964;5;п;
Интернациональная, 33;Интернациональная;33;1956;5;к;
Интернациональная, 34;Интернациональная;34;1963;5;п;
Интернациональная, 35;Интернациональная;35;1964;4;к;
Интернациональная, 38;Интернациональная;38;1964;5;п;ст
Интернациональная, 39;Интернациональная;39;1969;5;к;
Интернациональная, 4;Интернациональная;4;1967;5;к;ст
Интернациональная, 40;Интернациональная;40;1965;5;п;
Интернациональная, 41;Интернациональная;41;1965;5;п;
Интернациональная, 43;Интернациональная;43;1965;5;к;
Интернациональная, 44;Интернациональная;44;1964;4;п;
Интернациональная, 46;Интернациональная;46;1960;4;к;
Интернациональная, 47;Интернациональная;47;1967;4;к;
Интернациональная, 48;Интернациональная;48;1973;5;п;
Интернациональная, 49;Интернациональная;49;1969;2;к;
Интернациональная, 4г;Интернациональная;4г;2012;5;к;
Интернациональная, 5;Интернациональная;5;1961;4;к;
Интернациональная, 50;Интернациональная;50;1965;4;к;
Интернациональная, 52;Интернациональная;52;1965;4;к;
Интернациональная, 53;Интернациональная;53;1960;4;к;
Интернациональная, 54;Интернациональная;54;1956;2;ш/б;
Интернациональная, 55;Интернациональная;55;1963;4;к;
Интернациональная, 56;Интернациональная;56;1963;5;к;
Интернациональная, 57;Интернациональная;57;1960;5;к;ст
Интернациональная, 58;Интернациональная;58;1965;5;п;
Интернациональная, 59;Интернациональная;59;1966;4;к;
Интернациональная, 6;Интернациональная;6;1965;5;п;ст
Интернациональная, 62;Интернациональная;62;1963;5;п;
Интернациональная, 64;Интернациональная;64;1963;5;п;
Интернациональная, 68;Интернациональная;68;1976;5;к;
Интернациональная, 7;Интернациональная;7;;;;
Интернациональная, 71;Интернациональная;71;1967;5;к;ст
Интернациональная, 74;Интернациональная;74;1963;2;к;
Интернациональная, 75;Интернациональная;75;1973;5;к;ул
Интернациональная, 76;Интернациональная;76;1963;3/2/2015;к;
Интернациональная, 77;Интернациональная;77;1972;5;к;ул
Интернациональная, 78;Интернациональная;78;1962;3/2/2015;к;
Интернациональная, 79;Интернациональная;79;1968;5;п;ул
Интернациональная, 79/2;Интернациональная;79/2;1975;5;п;
Интернациональная, 8;Интернациональная;8;1965;5;п;
Интернациональная, 83;Интернациональная;83;1992;10;к;
Интернациональная, 9;Интернациональная;9;1962;4;к;
Интернациональная, 92;Интернациональная;92;1972;5;п;
Интернациональная, 94;Интернациональная;94;1975;5;к;
Интернациональная, 94а;Интернациональная;94а;2009;5;к;
Интернациональная, 98;Интернациональная;98;1987;5;к;
Интернациональня, 4;Интернациональня;4;1967;5;к;
Искака Ибраева, 15;Искака Ибраева;15;2012;5;к;
Искака Ибраева, 17;Искака Ибраева;17;2000;4;к;
Искака Ибраева, 21;Искака Ибраева;21;2015;5;к;
Искака Ибраева, 8;Искака Ибраева;8;1995;4;п;нов
Исмаилова, 11;Исмаилова;11;1965;2;к;
Исмаилова, 13;Исмаилова;13;1950;2;к;
Исмаилова, 41;Исмаилова;41;1955;2;ш/б;
Ишимская, 34;Ишимская;34;1995;5;к;
К. Либнехта пр., 15;К. Либнехта пр.;15;1990;10;п;
К.Туйская, 1;К.Туйская;1;1956;2;к;
Казахстанская, 75;Казахстанская;75;;9;к;нов
Казахстанская Правда, 120;Казахстанская Правда;120;1993;6;к;
Казахстанской Правды, 109;Казахстанской Правды;109;2024;9;к;
Казахстанской Правды, 120;Казахстанской Правды;120;1991;5;к;
Казахстанской Правды, 124;Казахстанской Правды;124;1993;6;к;
Казахстанской Правды, 126;Казахстанской Правды;126;1991;9;п;
Казахстанской Правды, 281;Казахстанской Правды;281;1970;1;к;
Казахстанской Правды, 70;Казахстанской Правды;70;1980;5;п;
Казахстанской правды, 109;Казахстанской правды;109;2024;9;к;нов
Казахстанской правды, 118;Казахстанской правды;118;;2;к;нов
Казахстанской правды, 120;Казахстанской правды;120;;5;к;нов
Казахстанской правды, 122;Казахстанской правды;122;1992;5;п;нов
Казахстанской правды, 124;Казахстанской правды;124;1993;6;к;нов
Казбекова Байбулова, 71;Казбекова Байбулова;71;2015;5;к;
Калинина, 157;Калинина;157;1958;1;б;
Каманина, 11;Каманина;11;;5;к;
Каманина, 17;Каманина;17;;5;;
Каманина, 39;Каманина;39;1975;5;к;
Каманина, 40;Каманина;40;;5;к;
Каманина, 41;Каманина;41;1975;2;к;
Каманина, 41а;Каманина;41а;1975;2;к;
Каманина, 48;Каманина;48;1978;5;к;
Каманина, 50;Каманина;50;1983;5;к;
Каманина, 7;Каманина;7;;5;к;
Каманина, 74;Каманина;74;1962;5;к;
Каманина, 9;Каманина;9;;5;к;
Каныша Сутюшева, 10;Каныша Сутюшева;10;1957;1;с/щ;
Каныша Сутюшева, 15;Каныша Сутюшева;15;1989;9;п;
Каныша Сутюшева, 17;Каныша Сутюшева;17;1984;9;п;
Каныша Сутюшева, 18;Каныша Сутюшева;18;1984;5;к;
Каныша Сутюшева, 21;Каныша Сутюшева;21;1989;9;к;
Каныша Сутюшева, 23;Каныша Сутюшева;23;1987;9;п;
Каныша Сутюшева, 38;Каныша Сутюшева;38;1961;2;к;
Каныша Сутюшева, 43;Каныша Сутюшева;43;1980;9;к;
Каныша Сутюшева, 47;Каныша Сутюшева;47;1975;5;к;
Каныша Сутюшева, 49;Каныша Сутюшева;49;1976;5;к;
Каныша Сутюшева, 51;Каныша Сутюшева;51;1976;5;к;
Каныша Сутюшева, 53;Каныша Сутюшева;53;1981;9;к;
Каныша Сутюшева, 57;Каныша Сутюшева;57;1976;5;п;
Каныша Сутюшева, 59;Каныша Сутюшева;59;1974;5;п;
Каныша Сутюшева, 65;Каныша Сутюшева;65;1993;9/10/2015;п;
Каныша Сутюшева, 70;Каныша Сутюшева;70;1995;5;к;
Каныша Сутюшева, 77;Каныша Сутюшева;77;1977;5;к;
Каныша Сутюшева, 8;Каныша Сутюшева;8;1958;2;к;
Капая, 76а;Капая;76а;2017;3;к;
Карима Байбулова, 69;Карима Байбулова;69;2014;5;к;нов
Карима Сутюшева, 15;Карима Сутюшева;15;1991;9;к;
Карима Сутюшева, 17;Карима Сутюшева;17;1984;9;п;
Карима Сутюшева, 18;Карима Сутюшева;18;1984;5;к;
Карима Сутюшева, 21;Карима Сутюшева;21;1989;9;;
Карима Сутюшева, 23;Карима Сутюшева;23;1984;9;п;
Карима Сутюшева, 47;Карима Сутюшева;47;1975;5;п;
Карима Сутюшева, 49;Карима Сутюшева;49;1976;5;п;
Карима Сутюшева, 51;Карима Сутюшева;51;1976;5;;
Карима Сутюшева, 53;Карима Сутюшева;53;1981;9;к;
Карима Сутюшева, 57;Карима Сутюшева;57;1976;5;п;
Карима Сутюшева, 59;Карима Сутюшева;59;1974;5;п;
Карима Сутюшева, 70;Карима Сутюшева;70;1995;5;к;
Карима Сутюшева, 77;Карима Сутюшева;77;1977;5;к;
Карима Сутюшева, 8;Карима Сутюшева;8;1958;2;к;ст
Карла Либкнехта, 129;Карла Либкнехта;129;1949;2;ш/б;
Карла Либкнехта, 131;Карла Либкнехта;131;1949;1;ш/б;
Карла Либкнехта, 133;Карла Либкнехта;133;1949;1;ш/б;
Карла Либкнехта, 135;Карла Либкнехта;135;1952;1;ш/б;
Карла Либкнехта, 136;Карла Либкнехта;136;1957;2;к/з;
Карла Либкнехта, 139;Карла Либкнехта;139;1958;2;ш/б;
Карла Либкнехта, 14;Карла Либкнехта;14;1990;5;к;
Карла Либкнехта, 140;Карла Либкнехта;140;1957;1;ш/б;
Карла Либкнехта, 142;Карла Либкнехта;142;1957;1;ш/б;
Карла Либкнехта, 15;Карла Либкнехта;15;;10;п;
Кармелюка, 2;Кармелюка;2;2022;5;;
Кармелюка, 2/1;Кармелюка;2/1;2022;5;к;
Кармилюка, 2/1;Кармилюка;2/1;2022;6;к;
Кеншибаева, 16;Кеншибаева;16;1980;4;;нов
Кеншибаева, 24/2;Кеншибаева;24/2;1980;5;п;ул
Кеншинбаева, 1;Кеншинбаева;1;1960;2;к;ст
Кеншинбаева, 10;Кеншинбаева;10;1953;2;к;
Кеншинбаева, 14;Кеншинбаева;14;1962;4;к;
Кеншинбаева, 14/29;Кеншинбаева;14/29;1562;4;к;
Кеншинбаева, 16;Кеншинбаева;16;;4;к;
Кеншинбаева, 2;Кеншинбаева;2;1960;2;п;ст
Кеншинбаева, 24;Кеншинбаева;24;;5;п;
Кеншинбаева, 24/2;Кеншинбаева;24/2;;5;п;ул
Кеншинбаева, 3;Кеншинбаева;3;1960;2;к;
Кеншинбаева, 5;Кеншинбаева;5;1959;2;к;
Кеншинбаева, 6;Кеншинбаева;6;;2;к;ст
Кизатова, 2;Кизатова;2;1980;5;к;
Кизатова, 2/11;Кизатова;2/11;2022;5;к;
Кизатова, 2А;Кизатова;2А;1983;5;п;
Кизатова, 2Л;Кизатова;2Л;2021;9;к;
Кизатова, 2а;Кизатова;2а;1985;5;п;
Кизатова, 2б;Кизатова;2б;1987;5;к;
Кизатова, 2в;Кизатова;2в;1991;5;к;
Кизатова, 2л;Кизатова;2л;2017;9;к;
Кизатова, 3;Кизатова;3;1979;5;к;
Кизатова, 3Б;Кизатова;3Б;2015;5;к;
Кизатова, 3В;Кизатова;3В;2008;5;к;
Кизатова, 3Г;Кизатова;3Г;2007;5;к;
Кизатова, 3Д;Кизатова;3Д;2012;5;к;
Кизатова, 3И;Кизатова;3И;2010;5;к;
Кизатова, 3Л;Кизатова;3Л;;5;п;нов
Кизатова, 3Н;Кизатова;3Н;2012;5;к;
Кизатова, 3б;Кизатова;3б;2008;5;к;
Кизатова, 3в;Кизатова;3в;;5;к;
Кизатова, 3г;Кизатова;3г;2008;5;к;
Кизатова, 3д;Кизатова;3д;2010;5;к;
Кизатова, 3и;Кизатова;3и;2010;5;к;
Кизатова, 3л;Кизатова;3л;2010;5;п;
Кизатова, 3м;Кизатова;3м;2010;5;к;
Кизатова, 3н;Кизатова;3н;2010;5;;
Кизатова, 4;Кизатова;4;1974;5;п;
Кизатова, 55;Кизатова;55;1980;5;к;
Кизатова, 5А;Кизатова;5А;;3;к;нов
Кизатова, 5М;Кизатова;5М;2013;9;к;нов
Кизатова, 5Н;Кизатова;5Н;2012;9;к;
Кизатова, 5П;Кизатова;5П;2017;9;к;
Кизатова, 5н;Кизатова;5н;2014;9;к;
Кизатова, 5п;Кизатова;5п;2017;9;к;
Кизатова, 5р;Кизатова;5р;;9;к;
Кизатова, 6Б;Кизатова;6Б;2025;4;п;
Кизатова, 9;Кизатова;9;2011;9;к;
Кизатова, 9А;Кизатова;9А;2011;9;к;
Кизатова, 9а;Кизатова;9а;2011;9;к;
Кизатова, 9б;Кизатова;9б;2011;9;к;
Кизатова, 9д;Кизатова;9д;2018;9;монолит;
Кизатова ЖК Самал, 29;Кизатова ЖК Самал;29;2022;3;к;
Кожаберген Жырау, 2;Кожаберген Жырау;2;1984;2;;
Кожабергена Жырау, 26;Кожабергена Жырау;26;1983;2;к;
Кожевенная, 1;Кожевенная;1;1961;2;к;
Кожевенная, 10;Кожевенная;10;1980;2;к;
Кожевенная, 12;Кожевенная;12;1984;2;к;
Кожевенная, 14;Кожевенная;14;1983;2;к;
Кожевенная, 2;Кожевенная;2;1963;2;к;
Кожевенная, 4;Кожевенная;4;1968;3;к;
Кожевенная, 6;Кожевенная;6;1962;1;к;
Кожевенная, 8;Кожевенная;8;1962;1;к;
Коминтерна, 92;Коминтерна;92;1967;2;к;
Конституции, 16;Конституции;16;1960;4;п;
Конституции, 21;Конституции;21;1960;3;к;
Конституции, 29;Конституции;29;1961;4;к;
Конституции, 30;Конституции;30;1962;4;к;
Конституции, 32;Конституции;32;1964;4;к;
Конституции, 34;Конституции;34;1963;4;к;
Конституции, 49;Конституции;49;1965;4;к;
Конституции, 5;Конституции;5;1984;5;к;
Конституции, 50;Конституции;50;1975;9;к;
Конституции, 53;Конституции;53;1982;5;к;
Конституции, 55;Конституции;55;1987;9;к;
Конституции, 76;Конституции;76;1988;9;к;
Конституции Казахстана, 1;Конституции Казахстана;1;2025;18;п;
Конституции Казахстана, 16;Конституции Казахстана;16;1960;4;к;
Конституции Казахстана, 21;Конституции Казахстана;21;1960;3;к;
Конституции Казахстана, 29;Конституции Казахстана;29;1961;4;к;
Конституции Казахстана, 30;Конституции Казахстана;30;1970;4;к;
Конституции Казахстана, 34;Конституции Казахстана;34;1967;4;к;
Конституции Казахстана, 49;Конституции Казахстана;49;1965;4;к;
Конституции Казахстана, 5;Конституции Казахстана;5;1984;5;к;
Конституции Казахстана, 50;Конституции Казахстана;50;1988;9;к;
Конституции Казахстана, 53;Конституции Казахстана;53;1982;5;к;
Конституции Казахстана, 55;Конституции Казахстана;55;1987;9;к;
Конституции Казахстана, 76;Конституции Казахстана;76;1995;9;п;
Копай, 76а;Копай;76а;2017;3;к;
Космодемьянской, 6;Космодемьянской;6;1961;3;п;ст
Кошукова, 12;Кошукова;12;1965;5;к/п;ст
Кошукова, 14;Кошукова;14;1981;;к;
Кошукова, 14а;Кошукова;14а;1982;9;к/п;
Кошукова, 18;Кошукова;18;1981/1974;5;к;
Кошукова, 2;Кошукова;2;1967;5;к;
Кошукова, 20;Кошукова;20;1977;5;к;
Кошукова, 3;Кошукова;3;1981;9;к;ул
Кошукова, 4;Кошукова;4;1970;5;к;стар
Кошукова, 6;Кошукова;6;1973;5;к;
Кошукова, 7;Кошукова;7;1982;9;к;
Крепостная, 131;Крепостная;131;1972;2;к;
Крепостная, 133;Крепостная;133;1973;2;к;
Крепостная, 146;Крепостная;146;1949;1;ш/б;
Крепостная, 148;Крепостная;148;1949;1;ш/б;
Крепостная, 150;Крепостная;150;1949;1;ш/б;
Крепостная, 152;Крепостная;152;1952;1;ш/б;
Крепостная, 154;Крепостная;154;1959;2;ш/б;
Крепостная, 156;Крепостная;156;1954;2;ш/б;
Крепостная площадь, 1;Крепостная площадь;1;1960;2;к;ст
Крылова, 54;Крылова;54;2019;9;к;
Крылова, 54/1;Крылова;54/1;2020;9;к;
Куйбышева, 53;Куйбышева;53;;6;;
Лесная, 3;Лесная;3;1991;6;к;нов
Лесная, 3а;Лесная;3а;1995;9;к;нов
Линия 4-я, 1;Линия 4-я;1;1975;5;п;
Линия 4-я, 16;Линия 4-я;16;1982/83;5;п;
Линия 5-я, 2,2а;Линия 5-я;2,2а;1985/86;9;п;
Линия 5-я, 28;Линия 5-я;28;1983;5;п;
Линия 5-я, 30;Линия 5-я;30;1993;10;п;
Линия 5-я, 32;Линия 5-я;32;1995;9;п;
Линия 5-я, 4;Линия 5-я;4;1989/91;10/6/2015;п;
Магжана Жумабаева, 59;Магжана Жумабаева;59;1994;5;п;
Максима Горького, 172;Максима Горького;172;1962;5;к;ул
Матросова, 7;Матросова;7;1978;1;;
Маяковского, 3;Маяковского;3;1974;2;к;
Маяковского, 5/1;Маяковского;5/1;1960;2;;
Маяковского, 88;Маяковского;88;2018;12;монолит;
Маяковского, 93;Маяковского;93;1971;5;к;общ
Маяковского, 93/15;Маяковского;93/15;1980;5;к;
Маяковского, 96;Маяковского;96;2018;16;п;
Медведева, 10;Медведева;10;1969;5;к;нов
Медведева, 4;Медведева;4;1966;5;к;ул
Медведева, 42;Медведева;42;1970;2;к;
Медведьева, 4;Медведьева;4;;5;к;ул
Мира, 100;Мира;100;1971;3;к;
Мира, 101;Мира;101;;5;п;
Мира, 107;Мира;107;1966;5;п;
Мира, 109;Мира;109;1972;5;п;
Мира, 110;Мира;110;1973;5;к;
Мира, 111;Мира;111;1972;5;п;
Мира, 117;Мира;117;1978;5;п;
Мира, 119;Мира;119;1978;5;п;
Мира, 121;Мира;121;1978;5;п;
Мира, 123;Мира;123;1980;9;п;
Мира, 124;Мира;124;1980;5;п;
Мира, 125;Мира;125;1977;5;п;
Мира, 126;Мира;126;1964;5;п;
Мира, 127;Мира;127;1977;5;п;
Мира, 129;Мира;129;1978;5;п;
Мира, 130;Мира;130;;5;п;
Мира, 131;Мира;131;1978;5;п;
Мира, 132;Мира;132;;5;п;
Мира, 134;Мира;134;;5;п;
Мира, 136;Мира;136;1987;9;п;
Мира, 138;Мира;138;1990;5;к;
Мира, 154;Мира;154;1980;9;п;
Мира, 156;Мира;156;1979;5;п;
Мира, 156а;Мира;156а;1993;5;к;
Мира, 158;Мира;158;1981;9;п;
Мира, 159;Мира;159;1989;6;к;
Мира, 161;Мира;161;;6;к;
Мира, 163;Мира;163;1987;5;к;
Мира, 177;Мира;177;1982;5;к;
Мира, 179;Мира;179;1976;5;к;
Мира, 183;Мира;183;1969;5;п;
Мира, 185;Мира;185;1969;5;п;
Мира, 187;Мира;187;1970;5;к;
Мира, 189;Мира;189;1967;5;п;
Мира, 191;Мира;191;1967;5;п;
Мира, 193;Мира;193;1967;5;п;
Мира, 197;Мира;197;1967;5;п;
Мира, 199;Мира;199;1968;5;п;
Мира, 201;Мира;201;1968;5;п;
Мира, 203;Мира;203;1968;5;п;
Мира, 205;Мира;205;1967;5;п;
Мира, 209;Мира;209;1967;5;п;
Мира, 211;Мира;211;1967;5;п;
Мира, 213;Мира;213;1970;4;к;
Мира, 218;Мира;218;1993;10;п;
Мира, 219;Мира;219;1979;5;к;
Мира, 221;Мира;221;1979;5;к;
Мира, 223;Мира;223;1974;5;к;
Мира, 225;Мира;225;1970;5;к;
Мира, 229;Мира;229;1976;5;к;
Мира, 232;Мира;232;1976;5;п;
Мира, 234;Мира;234;1977;5;п;
Мира, 238;Мира;238;1977;5;п;
Мира, 240;Мира;240;1973;5;п;
Мира, 244;Мира;244;1968;5;п;
Мира, 246;Мира;246;1973;5;к;
Мира, 248;Мира;248;1967;5;п;
Мира, 254;Мира;254;1969;2;к;
Мира, 256;Мира;256;1969;5;к;
Мира, 258;Мира;258;1967;5;п;
Мира, 264;Мира;264;1977;5;п;
Мира, 266;Мира;266;1971;5;п;
Мира, 268;Мира;268;1971;5;п;
Мира, 270;Мира;270;1971;5;п;
Мира, 278;Мира;278;1974;5;п;
Мира, 280;Мира;280;1975;5;п;
Мира, 284;Мира;284;1975;5;к/б;
Мира, 284а;Мира;284а;1992;5;п;
Мира, 286;Мира;286;1980;5;к;
Мира, 288;Мира;288;1988;5;п;
Мира, 290;Мира;290;1987;5;п;
Мира, 292;Мира;292;1987;9;п;
Мира, 294;Мира;294;1987;9;п;
Мира, 327;Мира;327;1983/85;5;к;
Мира, 327а;Мира;327а;1987/88;5;к;
Мира, 327б;Мира;327б;1996/97;6;к;
Мира, 339;Мира;339;1983;5;к;
Мира, 339а;Мира;339а;1987;5;к;
Мира, 341;Мира;341;1985;5;к;
Мира, 345;Мира;345;1986/87;5;к/п;
Мира, 347;Мира;347;1986/87;5;к;
Мира, 349;Мира;349;1986;5;к;
Мира, 351;Мира;351;1988;5;к;
Мира, 67;Мира;67;;5;;
Мира, 73;Мира;73;1977;5;п;
Мира, 75;Мира;75;1984;5;к;
Мира, 87;Мира;87;1980;5;к;
Мира, 90;Мира;90;1962;3;к;
Мира, 92;Мира;92;1951;2;д;
Мира, 94;Мира;94;1951;2;д;
Мичурина, 10;Мичурина;10;1937;2;д;
Мичурина, 2;Мичурина;2;1950;2;к;
Мичурина, 22;Мичурина;22;;1;б;
Мичурина, 8;Мичурина;8;1937;2;к;
Молодежная, 10;Молодежная;10;1956;2;к;
Молодежная, 11;Молодежная;11;1951;2;к;
Молодежная, 13;Молодежная;13;1956;2;к;
Молодежная, 17;Молодежная;17;1952;2;к;
Молодежная, 19;Молодежная;19;1952;2;к;
Молодежная, 2;Молодежная;2;1954;2;к;
Молодежная, 4;Молодежная;4;1955;2;к;
Молодежная, 8;Молодежная;8;1954;2;к;
Муканова, 41;Муканова;41;1990;5;п;
Муканова, 46;Муканова;46;1991;9;п;
Муканова, 52;Муканова;52;1972;5;к;
Муканова, 54;Муканова;54;1975;5;п;ул
Муканова, 55;Муканова;55;1975;5;п;
Муканова, 57;Муканова;57;1960;5;п;
Муканова, 68;Муканова;68;1985;5;к;нов
Муканова, 72;Муканова;72;1984;5;к;нов
Муканова, 91;Муканова;91;1988;5;к;
Мусрепова, 10;Мусрепова;10;1968;5;п;
Мусрепова, 11;Мусрепова;11;1969;5;п;ст
Мусрепова, 11А;Мусрепова;11А;2023;5;к;
Мусрепова, 11В;Мусрепова;11В;2023;5;к;
Мусрепова, 11а;Мусрепова;11а;1967;5;п;
Мусрепова, 11в;Мусрепова;11в;2023;5;к;
Мусрепова, 12;Мусрепова;12;1956;2;к;
Мусрепова, 13А;Мусрепова;13А;1982;5;к;
Мусрепова, 13а;Мусрепова;13а;1992;5;к;
Мусрепова, 14;Мусрепова;14;1967;5;п;
Мусрепова, 16;Мусрепова;16;1967;5;п;
Мусрепова, 16А;Мусрепова;16А;1969;5;п;
Мусрепова, 16а;Мусрепова;16а;1967;5;п;
Мусрепова, 18;Мусрепова;18;1970;5;п;ул
Мусрепова, 18А;Мусрепова;18А;1974;5;п;
Мусрепова, 18а;Мусрепова;18а;1967;5;п;
Мусрепова, 2;Мусрепова;2;1964;5;к/п;ст
Мусрепова, 20;Мусрепова;20;1967;5;п;ст
Мусрепова, 3;Мусрепова;3;1967;5;п;
Мусрепова, 339;Мусрепова;339;1982;5;к;
Мусрепова, 4;Мусрепова;4;1964;5;к/п;
Мусрепова, 4А;Мусрепова;4А;1970;2;к;
Мусрепова, 4а;Мусрепова;4а;1970;2;к;
Мусрепова, 5;Мусрепова;5;1973;5;п;
Мусрепова, 6;Мусрепова;6;1964;5;к;
Мусрепова, 7;Мусрепова;7;1973;5;п;ст
Мусрепова, 8;Мусрепова;8;1976;5;п;
Мусрепова, 8А;Мусрепова;8А;1970;5;п;
Мусрепова, 8а;Мусрепова;8а;1970;5;п;
Мусрепова, 9;Мусрепова;9;1973;5;п;
Мусрепова, 96;Мусрепова;96;1973;5;п;
Мусрепова, 9А;Мусрепова;9А;;5;п;ул
Мусрепова, 9Б;Мусрепова;9Б;1973;5;п;ул
Мусрепова, 9а;Мусрепова;9а;1973;5;п;
Мусрепова, 9б;Мусрепова;9б;1973;5;п;
Мусрепова, 9в;Мусрепова;9в;1973;5;п;
Мухамед-Рахима, 37;Мухамед-Рахима;37;;5;п;ст
Мухамеда Рахимова, 50;Мухамеда Рахимова;50;1965;5;к;
Мухтара Ауэзова, 184;Мухтара Ауэзова;184;1987;5;п;
Набережная, 19;Набережная;19;1989;10;п;
Набережная, 20;Набережная;20;2025;5;к;
Набережная, 23;Набережная;23;2024;9;к;
Набережная, 23а;Набережная;23а;2024;5;;
Набережная, 25;Набережная;25;1992;10;п;
Набережная, 25/2;Набережная;25/2;2023;3;к;
Набережная, 25Б;Набережная;25Б;2022;3;к;
Набережная, 25б;Набережная;25б;2022;3;к;
Набережная, 2а;Набережная;2а;1971;5;п;
Набережная, 2б;Набережная;2б;2024;5;к;
Набережная, 35;Набережная;35;1968;5;к;
Набережная-Шухова, новые;Набережная-Шухова;новые;2025;;к;нов
Назарбаев, 138;Назарбаев;138;1986;5;к;
Назарбаев, 207;Назарбаев;207;2022;5;к;
Назарбаева, 107;Назарбаева;107;1966;5;;
Назарбаева, 109;Назарбаева;109;1974;5;п;
Назарбаева, 110;Назарбаева;110;1973;5;к;
Назарбаева, 111;Назарбаева;111;1972;5;п;
Назарбаева, 117;Назарбаева;117;1986;5;п;
Назарбаева, 119;Назарбаева;119;1981;5;п;
Назарбаева, 121;Назарбаева;121;1985;5;п;
Назарбаева, 123;Назарбаева;123;1987;9;п;
Назарбаева, 124;Назарбаева;124;1980;5;п;
Назарбаева, 125;Назарбаева;125;1980;5;п;
Назарбаева, 126;Назарбаева;126;1969;5;п;
Назарбаева, 127;Назарбаева;127;1977;5;п;
Назарбаева, 129;Назарбаева;129;1978;5;п;ул
Назарбаева, 130;Назарбаева;130;1975;5;п;ст
Назарбаева, 131;Назарбаева;131;1978;5;п;
Назарбаева, 131/44;Назарбаева;131/44;1978;5;п;
Назарбаева, 132;Назарбаева;132;1975;5;п;
Назарбаева, 133;Назарбаева;133;2022;5;к;
Назарбаева, 134;Назарбаева;134;1975;5;п;
Назарбаева, 136;Назарбаева;136;1984;9;п;
Назарбаева, 138;Назарбаева;138;1990;5;к;
Назарбаева, 154;Назарбаева;154;1980;9;п;
Назарбаева, 156;Назарбаева;156;1979;5;п;
Назарбаева, 156а;Назарбаева;156а;1993;5;к;
Назарбаева, 158;Назарбаева;158;1981;9;п;
Назарбаева, 159;Назарбаева;159;1989;6;к;
Назарбаева, 161;Назарбаева;161;1998;6;к;
Назарбаева, 163;Назарбаева;163;1989;5;к;
Назарбаева, 179;Назарбаева;179;1976;2;к;
Назарбаева, 183;Назарбаева;183;1969;5;к;
Назарбаева, 185;Назарбаева;185;2018;9;к;
Назарбаева, 185а;Назарбаева;185а;2019;9;к;
Назарбаева, 187;Назарбаева;187;1970;5;к;
Назарбаева, 189;Назарбаева;189;1967;5;п;
Назарбаева, 191;Назарбаева;191;1970;5;п;
Назарбаева, 193;Назарбаева;193;1967;5;п;
Назарбаева, 197;Назарбаева;197;1971;5;п;
Назарбаева, 199;Назарбаева;199;1978;5;п;
Назарбаева, 201;Назарбаева;201;1970;5;к;
Назарбаева, 203;Назарбаева;203;1968;5;к;
Назарбаева, 205;Назарбаева;205;1965;5;п;
Назарбаева, 207Б;Назарбаева;207Б;2022;5;к;
Назарбаева, 207б;Назарбаева;207б;2022;5;к;
Назарбаева, 209;Назарбаева;209;1967;5;п;
Назарбаева, 211;Назарбаева;211;1967;5;п;
Назарбаева, 213;Назарбаева;213;1985;4;к;
Назарбаева, 218;Назарбаева;218;1993;10;п;
Назарбаева, 219;Назарбаева;219;1979;5;к;
Назарбаева, 221;Назарбаева;221;1980;5;к;
Назарбаева, 223;Назарбаева;223;1974;5;к;
Назарбаева, 223А;Назарбаева;223А;2018;2;п;нов
Назарбаева, 223а;Назарбаева;223а;2018;3;п;
Назарбаева, 225;Назарбаева;225;1974;5;;
Назарбаева, 227;Назарбаева;227;2012;11;к;
Назарбаева, 227а;Назарбаева;227а;2011;9;;
Назарбаева, 229;Назарбаева;229;1976;10;к;
Назарбаева, 231;Назарбаева;231;2024;9;п;
Назарбаева, 232;Назарбаева;232;1975;5;п;
Назарбаева, 234;Назарбаева;234;1977;5;п;
Назарбаева, 238;Назарбаева;238;1973;5;п;ул
Назарбаева, 240;Назарбаева;240;1973;5;п;
Назарбаева, 244;Назарбаева;244;1968;5;п;
Назарбаева, 246;Назарбаева;246;1972;5;к;
Назарбаева, 248;Назарбаева;248;1969;5;п;
Назарбаева, 258;Назарбаева;258;1965;5;п;
Назарбаева, 264;Назарбаева;264;1980;5;п;
Назарбаева, 266;Назарбаева;266;1971;5;п;
Назарбаева, 268;Назарбаева;268;1971;5;п;
Назарбаева, 269;Назарбаева;269;1963;5;п;
Назарбаева, 27;Назарбаева;27;1976;5;п;
Назарбаева, 270;Назарбаева;270;1971;5;п;
Назарбаева, 276б;Назарбаева;276б;2022;5;к;
Назарбаева, 278;Назарбаева;278;1975;5;к;
Назарбаева, 280;Назарбаева;280;1974;5;п;
Назарбаева, 284;Назарбаева;284;1973;5;б;
Назарбаева, 284А;Назарбаева;284А;1991;5;к;
Назарбаева, 286;Назарбаева;286;1983;5;к;
Назарбаева, 288;Назарбаева;288;1980;5;п;
Назарбаева, 288/3;Назарбаева;288/3;2024;9;к;
Назарбаева, 288В;Назарбаева;288В;2024;9;к;
Назарбаева, 288а;Назарбаева;288а;2014;5;к;
Назарбаева, 288к2;Назарбаева;288к2;1987;5;п;
Назарбаева, 290;Назарбаева;290;1987;5;п;
Назарбаева, 290/1;Назарбаева;290/1;2020;7;к;
Назарбаева, 292;Назарбаева;292;1987;9;п;
Назарбаева, 294;Назарбаева;294;1987;9;п;
Назарбаева, 327;Назарбаева;327;1983;5;к;
Назарбаева, 327А;Назарбаева;327А;1986;5;к;
Назарбаева, 327Б;Назарбаева;327Б;1996;5;к;
Назарбаева, 327а;Назарбаева;327а;1989;5;к;
Назарбаева, 339;Назарбаева;339;1983;5;к;
Назарбаева, 339а;Назарбаева;339а;1988;5;к;
Назарбаева, 341;Назарбаева;341;1987;5;к;
Назарбаева, 345;Назарбаева;345;1986;5;к;
Назарбаева, 347;Назарбаева;347;1986;5;к;
Назарбаева, 349;Назарбаева;349;1987;5;к;
Назарбаева, 351;Назарбаева;351;1989;5;к;
Назарбаева, 73;Назарбаева;73;1977;5;п;
Назарбаева, 75;Назарбаева;75;1984;5;к;
Назарбаева, 87;Назарбаева;87;1980;5;к;
Назарбаева, 90;Назарбаева;90;1966;3;к;
Невского, 3;Невского;3;1951;2;ш/б;
Невского, 5;Невского;5;1956;2;ш/б;
Невского, 6;Невского;6;1994;1;д;
Некрасова, 1;Некрасова;1;1997;5;к;нов
Некрасова, 34;Некрасова;34;1985;5;к;
Нелля Болатбаева, 4;Нелля Болатбаева;4;1989;6;п;
Новаторная, 1;Новаторная;1;1974;5;п;ул
Новаторная, 10;Новаторная;10;2025;5;к;
Новаторная, 10А;Новаторная;10А;;5;к;нов
Новаторная, 10а;Новаторная;10а;2022;5;к;
Новаторная, 12;Новаторная;12;2024;5;к;
Новаторная, 2;Новаторная;2;2024;5;к;
Новаторная, 3;Новаторная;3;2024;5;к;
Новая, 108;Новая;108;1967;5;п;ст
Новая, 110;Новая;110;1965;5;п;ул
Новая, 112;Новая;112;1966;5;п;ст
Новая, 120;Новая;120;1966;5;п;ст
Новая, 122;Новая;122;1966;5;п;ст
Новая, 124;Новая;124;1965;5;п;
Новая, 70;Новая;70;1962;3;;
Новая, 71;Новая;71;1967;5;п;
Новая, 73;Новая;73;1962;3;к;
Новая, 75;Новая;75;1962;3;к;
Новая, 77;Новая;77;1962;2;к;
Новая, 79;Новая;79;1962;3;к;
Новая, 81;Новая;81;1962;3;к;
Новая, 83;Новая;83;1962;4;к;ст
Нурсултана Назарбаева, 109;Нурсултана Назарбаева;109;1972;5;п;
Нурсултана Назарбаева, 123;Нурсултана Назарбаева;123;1987;9;п;
Нурсултана Назарбаева, 124;Нурсултана Назарбаева;124;1980;5;п;
Нурсултана Назарбаева, 133;Нурсултана Назарбаева;133;2023;5;к;
Нурсултана Назарбаева, 138;Нурсултана Назарбаева;138;1986;5;к;
Нурсултана Назарбаева, 199;Нурсултана Назарбаева;199;1983;5;п;
Нурсултана Назарбаева, 213;Нурсултана Назарбаева;213;1965;4;к;
Нурсултана Назарбаева, 225;Нурсултана Назарбаева;225;1974;5;к;
Нурсултана Назарбаева, 227А;Нурсултана Назарбаева;227А;2016;9;к;нов
Нурсултана Назарбаева, 244;Нурсултана Назарбаева;244;1968;5;п;
Нурсултана Назарбаева, 290;Нурсултана Назарбаева;290;1995;5;п;
Нурсултана Назарбаева, 292;Нурсултана Назарбаева;292;1987;9;п;
Нурсултана Назарбаева, 327;Нурсултана Назарбаева;327;1983;5;к;
Орман, 11А;Орман;11А;2022;3;к;нов
Осипенко, 20;Осипенко;20;1992;5;к;
Осипенко, 28;Осипенко;28;1983;5;к;
Осипенко, 3;Осипенко;3;1962;2;к;
Осипенко, 30;Осипенко;30;1982;5;к;
Осипенко, 40;Осипенко;40;1978;5;к;
Осипенко, 40а;Осипенко;40а;1996;6;к;
Осипенко, 46;Осипенко;46;1983;5;к;
Островского, 114;Островского;114;1982;4;к;
Островского, 14;Островского;14;1997;5;к;
Островского, 144;Островского;144;1982;4;к;
Островского, 147;Островского;147;1996/83;5;к;нов
Островского, 149;Островского;149;1997;5;к;нов
Островского, 153;Островского;153;1961;2;ш/б;
Островского, 155;Островского;155;1961;2;к;
Островского, 157;Островского;157;1962;3;п;
Островского, 4;Островского;4;1959;1;к;
Островского, 56;Островского;56;1937;2;д;
Островского, 58а;Островского;58а;1937;2;бр;
Островского, 60;Островского;60;1937;2;к;
Островского, 66;Островского;66;1937;2;;
Островского, 82;Островского;82;1993;7;к;нов
Островского, 84;Островского;84;1989;5;к;
Островского, 84А;Островского;84А;1987;5;к;
Островского, 84а;Островского;84а;1985;5;к;
Панфилова, 258;Панфилова;258;1962;2;к;
Парковая, 104;Парковая;104;1989;5;к;
Парковая, 117;Парковая;117;1973;5;п;
Парковая, 119;Парковая;119;1986;3;к;
Парковая, 121;Парковая;121;1992;5;к;
Парковая, 126;Парковая;126;1976;5;к;
Парковая, 130;Парковая;130;1967;3;к;
Парковая, 137;Парковая;137;1970;3;к;
Парковая, 140;Парковая;140;1957;2;ш/б;
Парковая, 145;Парковая;145;1973;3;к;нов
Парковая, 161;Парковая;161;1986;9;п;гост
Парковая, 161/2;Парковая;161/2;1989;9;п;
Парковая, 161к1;Парковая;161к1;1989;9;п;
Парковая, 161к2;Парковая;161к2;1989;9;п;
Парковая, 181;Парковая;181;1981;5;п;
Парковая, 187;Парковая;187;1982;5;п;нов
Парковая, 21;Парковая;21;2023;9;к;
Парковая, 53;Парковая;53;1980;5;п;
Парковая, 60;Парковая;60;1951;2;к/з;
Парковая, 62;Парковая;62;1951;2;к/з;
Партизан-я, 156;Партизан-я;156;1976;2;к;
Партизан-я, 158;Партизан-я;158;1976;2;к;
Партизан-я, 158а;Партизан-я;158а;1984;3;к;
Партизан-я, 158б;Партизан-я;158б;1989;4;к;
Партизан-я, 185;Партизан-я;185;1987;5;к;
Партизан-я, 44;Партизан-я;44;1987;5;к;
Партизанская, 12;Партизанская;12;1990;5;к;нов
Партизанская, 13;Партизанская;13;1990;5;к;
Партизанская, 158;Партизанская;158;2024;9;к;
Партизанская, 158/2;Партизанская;158/2;2024;9;к;
Партизанская, 158Б;Партизанская;158Б;2024;9;к;
Партизанская, 158б;Партизанская;158б;1994;4;к;
Партизанская, 185;Партизанская;185;1999;5;п;
Партизанская, 44;Партизанская;44;1990;5;к;
Парфирьева, 53;Парфирьева;53;2020;9;к;
Парфирьева, 60;Парфирьева;60;2022;9;к;
Пархоменко, 11;Пархоменко;11;1990;9;к;
Пархоменко, 26;Пархоменко;26;1985;;п;
Пархоменко, 3;Пархоменко;3;1987;9;к;
Пархоменко, 30;Пархоменко;30;1984;5;к;
Пархоменко, 32;Пархоменко;32;1995;9;к;
Пархоменко, 58;Пархоменко;58;1985;;к;
Пархоменко, 61;Пархоменко;61;1983;5;к;
Пархоменко, 63;Пархоменко;63;1983;5;к;
Пархоменко, 65;Пархоменко;65;1983;5;к;
Пархоменко, 66;Пархоменко;66;1984;5;к;
Пархоменко, 67;Пархоменко;67;1991;5;к;
Пархоменко, 69;Пархоменко;69;;5;к;
Пархоменко, 7;Пархоменко;7;1995;9;п;
Пархоменко, 9;Пархоменко;9;1992;6;к;
Первомай-я, 120;Первомай-я;120;1992;5;к;
Первомай-я, 122;Первомай-я;122;1991;5;п;
Первомай-я, 124;Первомай-я;124;1993;6;к;
Первомай-я, 126;Первомай-я;126;1991;5;п;
Первомай-я, 69;Первомай-я;69;1968;2;к;
Первомай-я, 70;Первомай-я;70;1979;5;к/б;
Первомай-я, 73;Первомай-я;73;1918;2;бр;
Первомайская, 63;Первомайская;63;1962;2;к;
Переулок Ватутина, 8;Переулок Ватутина;8;1960;1;;ст
Переулок Пионерский, 32;Переулок Пионерский;32;1961;2;к;
Переулок Садовый, 3;Переулок Садовый;3;1960;2;к;
Переулок Садовый, 5;Переулок Садовый;5;1960;2;;
Петрова, 15;Петрова;15;1975;2;п;
Пионер-я, 20;Пионер-я;20;1991;6;к;
Пионер-я, 32;Пионер-я;32;1957;2;к;
Пионерская, 20;Пионерская;20;1992;6;к;
Победы, 14;Победы;14;1987;5;к;нов
Победы, 3;Победы;3;1988;5;п;
Победы, 3А;Победы;3А;1989;5;п;
Победы, 3а;Победы;3а;1989;5;п;
Победы, 4;Победы;4;1997;5;к;
Победы, 4Б;Победы;4Б;2013;5;к;
Победы, 6;Победы;6;1990;5;п;
Победы, 7;Победы;7;1986;5;п;
Победы, 8;Победы;8;1995;5;к;
Победы, 8а;Победы;8а;1989;5;к;
Позолотина, 56;Позолотина;56;1981;5;п;
Позолотина, 79;Позолотина;79;1997;9;п;
Попова, 42;Попова;42;1985;9;п;
Попова, 45;Попова;45;1961;3;к;
Попова, 47;Попова;47;1980;9;п;
Порфирьева, 53;Порфирьева;53;2020;9;к;
Порфирьева, 60;Порфирьева;60;2022;9;к;
Правды, 120;Правды;120;1993;5;к;нов
Проезд 5-Сенной, 18л;Проезд 5-Сенной;18л;2017;5;п;
Проезд 5-й Сенной, 18Л;Проезд 5-й Сенной;18Л;2018;5;п;
Проезд 5-й Сенной, 18е;Проезд 5-й Сенной;18е;2018;5;п;
Проезд 5-й Сенной, 18к;Проезд 5-й Сенной;18к;2019;5;п;
Проезд 5-я Сенная, 18Е;Проезд 5-я Сенная;18Е;2016;5;п;
Проезд 5-я Сенная, 18а;Проезд 5-я Сенная;18а;2019;5;п;
Проезд 5-я Сенная, 18л;Проезд 5-я Сенная;18л;2018;5;п;
Проезд 5-я Сенная, 20;Проезд 5-я Сенная;20;2020;5;п;
Проезд Ахременко, 3;Проезд Ахременко;3;1969;5;к;
Проезд Аягана Шажимбаева, 15;Проезд Аягана Шажимбаева;15;1995;10;п;
Проезд Джамбула, 1г;Проезд Джамбула;1г;1998;9;п;
Проезд Жамбыла, 1;Проезд Жамбыла;1;2020;3;п;
Проезд Жамбыла, 1/1;Проезд Жамбыла;1/1;2020;3;п;
Проезд Жамбыла, 1А;Проезд Жамбыла;1А;1992;10;п;
Проезд Жамбыла, 1Г;Проезд Жамбыла;1Г;1994;10;п;
Проезд Жамбыла, 1а;Проезд Жамбыла;1а;1992;10;п;
Проезд Жамбыла, 1б;Проезд Жамбыла;1б;1995;9;п;
Проезд Жамбыла, 5;Проезд Жамбыла;5;2020;18;п;
Проезд Труда, 5;Проезд Труда;5;1960;2;к;
Проезд Шажимбаева, 15;Проезд Шажимбаева;15;1990;10;п;
Проезд имени Жамбыла, 1/1;Проезд имени Жамбыла;1/1;2020;3;п;
Пугачева, 230;Пугачева;230;1947;2;к;ст
Пугачева, 236;Пугачева;236;1961;3;п;ст
Пугачева, 238;Пугачева;238;1938;2;к;
Пугачева, 240;Пугачева;240;1938;2;к;
Пугачева, 242;Пугачева;242;1961;3;к;ст
Пугачева, 244;Пугачева;244;1958;2;к;
Пушкина, 101;Пушкина;101;1989;5;к;
Пушкина, 103;Пушкина;103;1982;5;п;
Пушкина, 114;Пушкина;114;2008;9;к;
Пушкина, 43;Пушкина;43;1986;5;к;
Пушкина, 57;Пушкина;57;1984;5;к;
Пушкина, 64;Пушкина;64;1993;5;к;
Пушкина, 67;Пушкина;67;1986;5;к;
Пушкина, 76;Пушкина;76;1968;3;к;ул
Пушкина, 82;Пушкина;82;1962;4;к;
Рабочая, 18;Рабочая;18;;5;;
Радищева, 20а;Радищева;20а;1989;3;п;
Радищева, 22;Радищева;22;1962;2;к;
Радищева, 22а;Радищева;22а;1987;2;к;
Радищева, 24;Радищева;24;1963;2;к;ул
Радищева, 25;Радищева;25;1973;2;к;ул
Радищева, 28;Радищева;28;1989;2;к;
Радищева, 29;Радищева;29;1966;2;к;
Радищева, 30;Радищева;30;1992;4;к;
Радищева, 33;Радищева;33;1993;4;к;
Радищева, 33а;Радищева;33а;2015;5;к;
Рахимова, 29;Рахимова;29;;5;п;
Рахимова, 31;Рахимова;31;;5;к;
Рахимова, 33;Рахимова;33;1974;5;к;ул
Рахимова, 35;Рахимова;35;1968;5;к;
Рахимова, 37;Рахимова;37;1968;5;п;
Рахимова, 48;Рахимова;48;1965;5;к;
Рахимова, 50;Рахимова;50;1965;5;к;
Рахимова, 52;Рахимова;52;1967;5;к;
Рахимова, 58;Рахимова;58;2025;9;к;
Рахимова, 66;Рахимова;66;1960;2;п;ст
Рахимова, 72;Рахимова;72;1960;2;к;
Рижская, 1;Рижская;1;1962;4;п;ст
Рижская, 104;Рижская;104;1975;5;п;
Рижская, 106;Рижская;106;1973;5;к;
Рижская, 108;Рижская;108;1974;5;к;
Рижская, 110;Рижская;110;1968;5;к;
Рижская, 112;Рижская;112;1968;5;п;
Рижская, 121;Рижская;121;1965;;;
Рижская, 123;Рижская;123;1965;5;к;
Рижская, 125;Рижская;125;1967;5;к;
Рижская, 133;Рижская;133;1958;2;к;
Рижская, 135;Рижская;135;1959;2;шл;
Рижская, 137;Рижская;137;1958;2;к;
Рижская, 139;Рижская;139;1958;2;к;
Рижская, 141;Рижская;141;;;;
Рижская, 143;Рижская;143;1958;2;шл;
Рижская, 145;Рижская;145;1958;2;шл;
Рижская, 1д;Рижская;1д;1966;5;к;
Рижская, 2;Рижская;2;1980;5;к;ул
Рижская, 22;Рижская;22;1971;5;к;ул
Рижская, 3;Рижская;3;1963;4;п;ст
Рижская, 30;Рижская;30;1962;4;к;
Рижская, 3а;Рижская;3а;1959;2;шл;
Рижская, 5;Рижская;5;1963;4;п;
Рижская, 7;Рижская;7;1953;4;п;
Рижская, 9;Рижская;9;1962;4;п;
Ружейникова, 10;Ружейникова;10;1951;2;к;
Ружейникова, 12;Ружейникова;12;1946;2;к;
Ружейникова, 14;Ружейникова;14;1947;2;к;
Ружейникова, 15;Ружейникова;15;1951;2;к;
Ружейникова, 8;Ружейникова;8;1951;2;к;
Ружейникова, 9;Ружейникова;9;1950;2;к;
Ружейникова, 95;Ружейникова;95;1968;3;к;
Ружейникова, 97;Ружейникова;97;1969;3;к;
Рузаева, 1;Рузаева;1;1951;2;к;
Рузаева, 10;Рузаева;10;1953;2;к;
Рузаева, 14;Рузаева;14;1962;4;к;
Рузаева, 16;Рузаева;16;1965;4;к;
Рузаева, 2;Рузаева;2;1956;2;к;
Рузаева, 24;Рузаева;24;1982;5;п;
Рузаева, 3;Рузаева;3;1950;2;к;
Рузаева, 4;Рузаева;4;1953;2;к;
Рузаева, 5;Рузаева;5;1948;2;к;
Рузаева, 6;Рузаева;6;1949;2;к;
Рузаева, 7;Рузаева;7;1947;2;к;
Рузаева, 8;Рузаева;8;1959;2;к;
Рыжова, 110;Рыжова;110;1967;2;к;
Рыжова, 112;Рыжова;112;1966;2;к;
Рыжова, 116;Рыжова;116;1966;2;;
Рыжова, 118;Рыжова;118;1967;2;б;ст
Рыжова, 124;Рыжова;124;1967;2;к;
Рыжова, 126;Рыжова;126;1975;2;к;
Сабита Муканова, 72;Сабита Муканова;72;1986;5;п;
Сабита Муканова, 91;Сабита Муканова;91;1990;5;к;
Садовая, 2;Садовая;2;1956;1;к/п;
Садовая, 36/11;Садовая;36/11;1967;1;;
Садовая, 4;Садовая;4;1956;1;к/п;
Садовая, 7;Садовая;7;1965;2;к;
Садовый., 3;Садовый.;3;1958;2;к;
Садовый., 7;Садовый.;7;1957;2;к;
Садовый., 9;Садовый.;9;1957;2;к;
Сатпаева, 15;Сатпаева;15;1967;5;к;
Сатпаева, 17;Сатпаева;17;1968;5;к;
Сатпаева, 2;Сатпаева;2;1987;5;к;
Сатпаева, 23;Сатпаева;23;1950;2;к;
Сатпаева, 25;Сатпаева;25;1970;5;к;нов
Сатпаева, 28;Сатпаева;28;1976/82;5;к;
Сатпаева, 28/60;Сатпаева;28/60;1982;5;к;
Сатпаева, 30;Сатпаева;30;1974;5;к;
Сатпаева, 34;Сатпаева;34;1971;5;к;ст
Сатпаева, 36;Сатпаева;36;1973;5;к;нов
Сатпаева, 38;Сатпаева;38;1981;9;к;
Сатпаева, 40;Сатпаева;40;1979;9;к;нов
Сатпаева, 42;Сатпаева;42;1979;9;к;нов
Сатпаева, 42а;Сатпаева;42а;2007;5;к;
Сатпаева, 46;Сатпаева;46;1934;3;к;
Сатпаева, 48;Сатпаева;48;1985;5;к;
Сатпаева, 50;Сатпаева;50;1989;5;к;нов
Сатпаева, 51;Сатпаева;51;1931;2;б;
Сатпаева, 53;Сатпаева;53;1931;2;б;
Сатпаева, 55;Сатпаева;55;1931;2;б;
Сатпаева, 58;Сатпаева;58;1980;5;к;
Сейфулина, 3а;Сейфулина;3а;;5;п;
Сейфулина, 58;Сейфулина;58;1981;5;п;
Сейфулина, 60;Сейфулина;60;1987;5;п;
Сейфуллина, 58;Сейфуллина;58;1981;5;п;
Сейфуллина, 60;Сейфуллина;60;1984;5;п;
Семашко, 11;Семашко;11;2017;9;к;
Семашко, 11В;Семашко;11В;2017;9;к;
Семашко, 11в;Семашко;11в;2017;9;к;
Семашко, 13а;Семашко;13а;2018;9;к;
Сенная, 18;Сенная;18;2019;5;п;
Сенная, 18А;Сенная;18А;2017;5;п;
Сенная, 18Е;Сенная;18Е;2018;5;п;
Сенная, 18е;Сенная;18е;2019;5;п;
Сенная, 20;Сенная;20;2020;5;к;
Сенная, 5;Сенная;5;2020;5;п;
Сенной, 18Е;Сенной;18Е;2019;5;п;
Советская, 119;Советская;119;1994;6;к;
Советская, 141;Советская;141;;6;к;
Советская, 144;Советская;144;2022;5;к;
Советская, 144/1;Советская;144/1;2023;0;к;нов
Советская, 25;Советская;25;1991;2;к;
Советская, 33;Советская;33;1985;5;;
Советская, 35;Советская;35;1996;4;к;
Советская, 39;Советская;39;1989;5;к;нов
Советская, 40;Советская;40;1971;5;п;ул
Советская, 45;Советская;45;1966;5;к;ул
Советская, 53;Советская;53;1991;6;к;
Советская, 59;Советская;59;1968;2;к;
Советская, 63;Советская;63;1995;6;к;
Советская, 70;Советская;70;1977;3;к;
Советская, 76;Советская;76;1971;5;п;
Советская, 89;Советская;89;1985;5;к;
Советская, 89а;Советская;89а;1992;5;к;
Советская, 93;Советская;93;1989/90;5;к;
Строительная, 6;Строительная;6;1966;5;п;ст
Строительная, 8;Строительная;8;1966;5;п;ул
Студен-я, 3;Студен-я;3;1972;5;к;
Студен-я, 6;Студен-я;6;1990;5;к;
Студенческая, 5;Студенческая;5;1974;1;п;
Студенческая, 6;Студенческая;6;1990;5;к;
Султан, 2/3;Султан;2/3;2024;5;к;
Сутюшева, 15;Сутюшева;15;1991;9;к;нов
Сутюшева, 17;Сутюшева;17;1990;9;п;
Сутюшева, 21;Сутюшева;21;1989;9;к;
Сутюшева, 43;Сутюшева;43;1984;9;;
Сутюшева, 47;Сутюшева;47;1975;5;п;
Сутюшева, 51;Сутюшева;51;1975;5;п;
Сутюшева, 53;Сутюшева;53;1984;9;к;
Сутюшева, 57;Сутюшева;57;1976;5;п;
Сутюшева, 59;Сутюшева;59;1976;5;п;
Сутюшева, 65;Сутюшева;65;1993;10;п;
Т. Мухамед-Рахимова, 50;Т. Мухамед-Рахимова;50;1965;5;к;
Тан Шолпан, 2/3;Тан Шолпан;2/3;2024;5;к;
Таншолпан, 2/3;Таншолпан;2/3;2024;5;к;
Таншолпан, новые;Таншолпан;новые;2024;;к;нов
Тауфик Мухамед-Рахимова, 31/106;Тауфик Мухамед-Рахимова;31/106;1973;5;к;
Тауфика Мухамедрахимова, 35;Тауфика Мухамедрахимова;35;1964;5;к;
Тауфика Мухамедрахимова, 74;Тауфика Мухамедрахимова;74;1958;5;к;
Таштитова, 20;Таштитова;20;2024;9;к;
Театральная, 40;Театральная;40;1940;2;п;
Театральная, 41;Театральная;41;1985;2;б;
Театральная, 44;Театральная;44;1964;4;к;
Театральная, 46;Театральная;46;1958;4;п;
Театральная, 47;Театральная;47;1990;9/10/2015;п;нов
Театральная, 48;Театральная;48;1968;4;к;
Театральная, 55;Театральная;55;1963;4;к;
Театральная, 55а;Театральная;55а;1982;5;к;
Театральная, 57;Театральная;57;1960;4;п;
Театральная, 63;Театральная;63;1962;4;п;ст
Темирязева, 19;Темирязева;19;1952;2;к;
Темирязева, 21;Темирязева;21;1952;2;к;
Темирязева, 23;Темирязева;23;1952;2;к;
Темирязева, 3;Темирязева;3;1980;2;к;
Теплые кусты, 4;Теплые кусты;4;1963;1;шп;
Теплые кусты, 5;Теплые кусты;5;1963;1;шп;
Теплые кусты, 6;Теплые кусты;6;1963;1;шп;
Теплые кусты, 7;Теплые кусты;7;1963;1;шп;
Токсан Би, 102;Токсан Би;102;1953;2;к;
Токсан Би, 21;Токсан Би;21;1961;4;к;
Токсан Би, 23;Токсан Би;23;1976;5;к;
Токсан Би, 24;Токсан Би;24;1980;5;к;
Токсан Би, 25;Токсан Би;25;1963;4;к;
Токсан Би, 27;Токсан Би;27;1963;4;к;
Токсан Би, 45;Токсан Би;45;1953;3;к;ст
Токсан Би, 80;Токсан Би;80;1978;5;;
Токсан Би, 82;Токсан Би;82;1980;5;к;
Токсан Би, 84;Токсан Би;84;1978;5;к;
Токсан би, 102;Токсан би;102;1950;2;к;
Токсан би, 21;Токсан би;21;1962;4;к;
Токсан би, 23;Токсан би;23;1963;4;к;
Токсан би, 25,25а;Токсан би;25,25а;1963;5/4/2015;к;
Токсан би, 27;Токсан би;27;1963;4;к;
Токсан би, 45;Токсан би;45;1953;3;к;
Токсан би, 49;Токсан би;49;1953;2;к;
Токсан би, 80;Токсан би;80;1978;5;к;
Токсан би, 82;Токсан би;82;1978;4;к;
Токсан би, 84;Токсан би;84;1977;5;к;
Труда, 30;Труда;30;1957;2;к;
Труда, 32;Труда;32;;2;д;
Труда, 43;Труда;43;1960;3;к;
Труда, 49;Труда;49;1987;5;п;нов
Труда, 51;Труда;51;1974;5;к;
Труда, 53;Труда;53;1966;2;к;
Труда, 55;Труда;55;1966;2;к;
Труда, 57;Труда;57;1966;2;к;
Труда, 59;Труда;59;1967;2;к;
Труда, 7;Труда;7;1957;2;к;
Тухачевского, 82;Тухачевского;82;;10;;
Уалиханова, 1/5;Уалиханова;1/5;2023;9;к;
Уалиханова, 10;Уалиханова;10;1960;4;к;нов
Уалиханова, 11;Уалиханова;11;;5;к;
Уалиханова, 12;Уалиханова;12;1960;4;к;
Уалиханова, 13;Уалиханова;13;;;;
Уалиханова, 14;Уалиханова;14;1959;3;к;
Уалиханова, 15;Уалиханова;15;;;;
Уалиханова, 16;Уалиханова;16;1959;3;к;
Уалиханова, 17;Уалиханова;17;1972;5;к;
Уалиханова, 18;Уалиханова;18;;;;
Уалиханова, 19;Уалиханова;19;;9;п;
Уалиханова, 2;Уалиханова;2;1961;4;к;
Уалиханова, 20;Уалиханова;20;1958;3;к;
Уалиханова, 21;Уалиханова;21;;9;п;
Уалиханова, 22;Уалиханова;22;1960;3;к;
Уалиханова, 23;Уалиханова;23;;9;п;
Уалиханова, 24;Уалиханова;24;1960;4;к;
Уалиханова, 25;Уалиханова;25;1993;9;к;
Уалиханова, 26;Уалиханова;26;;;;
Уалиханова, 27;Уалиханова;27;;;;
Уалиханова, 28;Уалиханова;28;1972;5;к;
Уалиханова, 29;Уалиханова;29;;;;
Уалиханова, 3;Уалиханова;3;;;;
Уалиханова, 30;Уалиханова;30;1970;5;п;
Уалиханова, 31;Уалиханова;31;;;;
Уалиханова, 32;Уалиханова;32;1991;6;к;нов
Уалиханова, 32А;Уалиханова;32А;2024;;;нов
Уалиханова, 32а;Уалиханова;32а;2024;9;к;
Уалиханова, 33;Уалиханова;33;;;;
Уалиханова, 34;Уалиханова;34;1970;5;п;
Уалиханова, 36;Уалиханова;36;1993;6/5/2015;к;
Уалиханова, 37;Уалиханова;37;;;;
Уалиханова, 38;Уалиханова;38;1974;5;п;
Уалиханова, 39;Уалиханова;39;;;;
Уалиханова, 4;Уалиханова;4;1962;5;к;
Уалиханова, 40;Уалиханова;40;;;;
Уалиханова, 41;Уалиханова;41;;;;
Уалиханова, 42;Уалиханова;42;;;;
Уалиханова, 43;Уалиханова;43;;;;
Уалиханова, 44;Уалиханова;44;2006;6;п;нов
Уалиханова, 45;Уалиханова;45;;;;
Уалиханова, 46;Уалиханова;46;2005;5;к;
Уалиханова, 46б;Уалиханова;46б;2005;5;;
Уалиханова, 47;Уалиханова;47;;;;
Уалиханова, 48;Уалиханова;48;;5;к;
Уалиханова, 48А;Уалиханова;48А;2005;5;к;
Уалиханова, 48а;Уалиханова;48а;2007;5;к;
Уалиханова, 5;Уалиханова;5;1963;5;п;
Уалиханова, 6;Уалиханова;6;1963;5;к;ул
Уалиханова, 7;Уалиханова;7;1969;5;п;ул
Уалиханова, 8;Уалиханова;8;1962;5;к;
Уалиханова, 9;Уалиханова;9;;;;
Украинская, 114;Украинская;114;1996;5;к;
Украинская, 123;Украинская;123;1970;2;к;
Украинская, 185;Украинская;185;1960;2;к;
Украинская, 187;Украинская;187;;2;к;
Украинская, 191;Украинская;191;1958;2;к;
Украинская, 197;Украинская;197;1959;2;к;
Украинская, 199;Украинская;199;1969;2;к;
Украинская, 201;Украинская;201;1960;3;п;ст
Украинская, 205;Украинская;205;1960;3;п;ул
Украинская, 207;Украинская;207;1960;3;п;
Украинская, 215;Украинская;215;1997;5;к;нов
Украинская, 219;Украинская;219;1990;5;к;нов
Украинская, 221;Украинская;221;1960;3;п;
Украинская, 226;Украинская;226;1946;1;щ/з;
Украинская, 228;Украинская;228;1946;1;щ/з;
Украинская, 230;Украинская;230;1985;3;к;нов
Украинская, 231;Украинская;231;1990;3;к;
Украинская, 232;Украинская;232;1962;2;щ/з;
Украинская, 234;Украинская;234;1962;3;п;
Украинская, 234а;Украинская;234а;1981;2;к;
Украинская, 234б;Украинская;234б;1990;3;к;
Украинская, 238;Украинская;238;1995;3;к;
Украинская, 254;Украинская;254;1974;1;;
Украинская, 255;Украинская;255;1983;1;к;
Украинская, 2556;Украинская;2556;1983;2;к;
Украинская, 256;Украинская;256;1983;2;к;
Ульяна Громова, 4/27;Ульяна Громова;4/27;1991;3;;
Ульянова, 15;Ульянова;15;1960;2;п;
Ульянова, 34;Ульянова;34;1963;4;к;
Ульянова, 36;Ульянова;36;1984;5;п;нов
Ульянова, 44;Ульянова;44;1979;5;к/б;
Ульянова, 47;Ульянова;47;1901;2;к;
Ульянова, 55;Ульянова;55;1977;5;п;ул
Ульяны Громовой, 2а;Ульяны Громовой;2а;1960;2;к;
Ульяны Громовой, 4;Ульяны Громовой;4;1992;3;к;
Ульяны Громовой, 6;Ульяны Громовой;6;1959;2;к;
Уральская, 27;Уральская;27;1960;2;ш/б;
Уральская, 28;Уральская;28;1968;2;ш/б;
Уральская, 29;Уральская;29;1961;2;ш/б;
Уральская, 3;Уральская;3;1954;2;ш/б;
Уральская, 30;Уральская;30;2017;5;к;
Уральская, 31;Уральская;31;1971;2;ш/б;
Уральская, 32;Уральская;32;2017;5;к;
Уральская, 4;Уральская;4;1954;2;ш/б;
Уральская, 5;Уральская;5;1990;2;к;
Уральская, 6;Уральская;6;1956;2;ш/б;
Урожайная, 11;Урожайная;11;1938;2;к;
Урожайная, 13;Урожайная;13;1940;2;к;
Урожайная, 17;Урожайная;17;1938;2;к;
Урожайная, 19;Урожайная;19;1938;2;к;
Ухабова, 11;Ухабова;11;2015;2;п;
Ухабова, 13;Ухабова;13;2014;2;к;
Ухабова, 15;Ухабова;15;2014;2;к;
Ухабова, 19;Ухабова;19;1995;4;к;нов
Ухабова, 19а;Ухабова;19а;1995;3;к;
Ухабова, 2;Ухабова;2;1989;4;к;
Ухабова, 24;Ухабова;24;1966;2;;
Ухабова, 25;Ухабова;25;2014;3;к;нов
Ухабова, 25а;Ухабова;25а;2013;3;к;
Ухабова, 27;Ухабова;27;2020;3;п;
Ухабова, 27А;Ухабова;27А;2014;3;к;
Ухабова, 29;Ухабова;29;2015;3;к;
Ухабова, 29А;Ухабова;29А;2015;3;к;
Ухабова, 29а;Ухабова;29а;2014;3;к;
Ухабова, 3;Ухабова;3;1993;3;п;ст
Ухабова, 4;Ухабова;4;1989;3;к;нов
Ухабова, 5;Ухабова;5;1993;3;п;
Ухабова, 6;Ухабова;6;1995;4;к;нов
Хименко, 1;Хименко;1;1985;9;п;нов
Хименко, 10;Хименко;10;1984;5;п;
Хименко, 10 а;Хименко;10 а;;5;к;
Хименко, 10а;Хименко;10а;1991;5;к;
Хименко, 11;Хименко;11;;;;
Хименко, 12;Хименко;12;1986;5;п;нов
Хименко, 12/2;Хименко;12/2;1985;5;п;
Хименко, 13;Хименко;13;;;;
Хименко, 14;Хименко;14;1987;5;п;
Хименко, 14/2;Хименко;14/2;1986;5;п;
Хименко, 14/3;Хименко;14/3;1987;5;п;ул
Хименко, 16;Хименко;16;2024;5;к;нвст
Хименко, 16/4;Хименко;16/4;2024;5;к;
Хименко, 2;Хименко;2;1986;9;п;нов
Хименко, 2/14/2015;Хименко;2/14/2015;;5;п;
Хименко, 20;Хименко;20;1997;5;п;нов
Хименко, 3;Хименко;3;1980/81;5;п;нов
Хименко, 3/14/2015;Хименко;3/14/2015;;5;п;
Хименко, 3/70;Хименко;3/70;1980;5;п;
Хименко, 4;Хименко;4;;;;
Хименко, 5;Хименко;5;1982;5;п;нов
Хименко, 6;Хименко;6;1987;5;п;
Хименко, 67;Хименко;67;1992;5;к;
Хименко, 7;Хименко;7;1987;5;п;
Хименко, 8;Хименко;8;1984;5;п;
Хименко, 9;Хименко;9;1988;9;п;
Ч.Уалиханова, 1;Ч.Уалиханова;1;;;;
Чайковского, 13;Чайковского;13;1958;5;п;ул
Чайковского, 13 а;Чайковского;13 а;200;5;к;
Чайковского, 13А;Чайковского;13А;;5;к;нов
Чайковского, 13а;Чайковского;13а;2007;5;к;нов
Чайковского, 15;Чайковского;15;1972;5;п;нов
Чайковского, 17;Чайковского;17;1972;5;п;ул
Чайковского, 18;Чайковского;18;1964;5;к;
Чайковского, 19;Чайковского;19;1972;5;п;ул
Чайковского, 20;Чайковского;20;1988;9;п;
Чайковского, 21;Чайковского;21;1973;5;п;
Чайковского, 3;Чайковского;3;1971;5;п;
Чайковского, 5;Чайковского;5;1971;5;п;
Чайковского, 7;Чайковского;7;1972;5;п;
Чайковского, 9;Чайковского;9;1972;5;п;
Чкалова, 65;Чкалова;65;1972;5;п;
Чокана Валиханова, 1/4;Чокана Валиханова;1/4;2023;9;к;
Чокана Валиханова, 1/5;Чокана Валиханова;1/5;2021;9;к;
Чокана Валиханова, 10;Чокана Валиханова;10;1967;4;к;
Чокана Валиханова, 17;Чокана Валиханова;17;1989;5;к;
Чокана Валиханова, 28;Чокана Валиханова;28;1983;5;к;
Чокана Валиханова, 38;Чокана Валиханова;38;1973;5;;
Чокана Валиханова, 40;Чокана Валиханова;40;2024;9;к;
Чокана Валиханова, 46;Чокана Валиханова;46;2005;5;к;нов
Шажимбаева, 129;Шажимбаева;129;1959;1;п;
Шажимбаева, 130;Шажимбаева;130;1995;2;;
Шажимбаева, 135;Шажимбаева;135;1953;1;к;
Шажимбаева, 15;Шажимбаева;15;1989;10;п;
Шокана Уалиханова, 1/3;Шокана Уалиханова;1/3;2024;9;к;
Шокана Уалиханова, 1/5;Шокана Уалиханова;1/5;2023;9;к;
Шокана Уалиханова, 1/6;Шокана Уалиханова;1/6;2022;9;к;
Шокана Уалиханова, 1/7;Шокана Уалиханова;1/7;2023;9;к;
Шокана Уалиханова, 11;Шокана Уалиханова;11;1970;5;к;
Шокана Уалиханова, 23;Шокана Уалиханова;23;1985;9;п;
Шокана Уалиханова, 32;Шокана Уалиханова;32;1993;6;к;
Шокана Уалиханова, 32А;Шокана Уалиханова;32А;2024;9;к;
Шокана Уалиханова, 32а;Шокана Уалиханова;32а;2022;9;к;
Шокана Уалиханова, 48;Шокана Уалиханова;48;2006;5;к;нов
Шокана Уалиханова, 6;Шокана Уалиханова;6;1963;5;к;
Шухова, 1;Шухова;1;1971;5;п;ул
Шухова, 10;Шухова;10;1977;5;п;ул
Шухова, 11;Шухова;11;;;;
Шухова, 12;Шухова;12;1976;5;п;ул
Шухова, 12А;Шухова;12А;1987;3;б;
Шухова, 12а;Шухова;12а;2022;3;б;
Шухова, 13;Шухова;13;;;;
Шухова, 14;Шухова;14;1976;5;к;
Шухова, 15;Шухова;15;;;;
Шухова, 16;Шухова;16;1976;5;п;
Шухова, 2;Шухова;2;1975;5;п;
Шухова, 20а;Шухова;20а;2023;9;к;
Шухова, 2Б;Шухова;2Б;2005;5;п;
Шухова, 2а;Шухова;2а;1983;5;к;
Шухова, 2б;Шухова;2б;2006;5;п;
Шухова, 3;Шухова;3;1979;5;п;ст
Шухова, 30;Шухова;30;1976;5;к;
Шухова, 32;Шухова;32;1976;5;к;
Шухова, 327Б;Шухова;327Б;1997;4;к;нов
Шухова, 32А;Шухова;32А;1997;9;п;
Шухова, 32а;Шухова;32а;1997;9;п;
Шухова, 34А;Шухова;34А;2007;2;к;
Шухова, 34а;Шухова;34а;1982;2;;
Шухова, 36;Шухова;36;1981;5;п;
Шухова, 38;Шухова;38;1979;5;к;нов
Шухова, 4;Шухова;4;1975;5;п;
Шухова, 42;Шухова;42;1984;5;к;ул
Шухова, 5;Шухова;5;;;;
Шухова, 5А;Шухова;5А;1995;5;к;
Шухова, 5а;Шухова;5а;1991;5;к;
Шухова, 6;Шухова;6;1975;5;п;ул
Шухова, 7;Шухова;7;;;;
Шухова, 8;Шухова;8;1976;5;п;
Шухова, 9;Шухова;9;;;;
Юбилейная, 1;Юбилейная;1;;;;
Юбилейная, 2;Юбилейная;2;1980;5;к;
Юбилейная, 2а;Юбилейная;2а;1983;5;п;
Юбилейная, 2б;Юбилейная;2б;1982;5;к;
Юбилейная, 2в;Юбилейная;2в;1985;5;к;
Юбилейная, 3;Юбилейная;3;1979;5;п;
Юбилейная, 4;Юбилейная;4;1974;5;п;
Юбилейная, 5а;Юбилейная;5а;1989;3;к;
Я. Гашека, 1;Я. Гашека;1;1958;2;шл;
Я. Гашека, 10;Я. Гашека;10;;;;
Я. Гашека, 11;Я. Гашека;11;1969;5;п;
Я. Гашека, 11а;Я. Гашека;11а;1970;5;п;
Я. Гашека, 13;Я. Гашека;13;1960;5;п;
Я. Гашека, 16;Я. Гашека;16;;5;к;
Я. Гашека, 17;Я. Гашека;17;;;;
Я. Гашека, 17а;Я. Гашека;17а;1972;5;п;
Я. Гашека, 2;Я. Гашека;2;;;;
Я. Гашека, 2а;Я. Гашека;2а;1971;5;п;
Я. Гашека, 2б;Я. Гашека;2б;1974;5;п;
Я. Гашека, 3;Я. Гашека;3;1958;2;шл;
Я. Гашека, 4;Я. Гашека;4;;;;
Я. Гашека, 4а;Я. Гашека;4а;1972;5;п;
Я. Гашека, 5;Я. Гашека;5;;;;
Я. Гашека, 6;Я. Гашека;6;;;;
Я. Гашека, 7;Я. Гашека;7;;;;
Я. Гашека, 8;Я. Гашека;8;;;;
Я. Гашека, 9;Я. Гашека;9;1968;5;п;
Явл.шоссе, 16;Явл.шоссе;16;1967;2;к;
Явл.шоссе, 20;Явл.шоссе;20;1967;2;к;
Явл.шоссе, 22;Явл.шоссе;22;1967;2;к;
Явл.шоссе, 24;Явл.шоссе;24;1967;2;к;
Явл.шоссе, 26;Явл.шоссе;26;1967;2;к;
Ярослава Гашека, 1;Ярослава Гашека;1;1960;2;б;
Ярослава Гашека, 11;Ярослава Гашека;11;1969;5;п;
Ярослава Гашека, 11А;Ярослава Гашека;11А;1970;5;п;
Ярослава Гашека, 11а;Ярослава Гашека;11а;1970;5;п;
Ярослава Гашека, 13;Ярослава Гашека;13;1968;5;п;
Ярослава Гашека, 16;Ярослава Гашека;16;2005;5;к;
Ярослава Гашека, 17;Ярослава Гашека;17;1970;5;п;
Ярослава Гашека, 17а;Ярослава Гашека;17а;1972;5;п;
Ярослава Гашека, 2Б;Ярослава Гашека;2Б;1974;5;п;
Ярослава Гашека, 3а;Ярослава Гашека;3а;1970;2;к;
Ярослава Гашека, 47;Ярослава Гашека;47;1992;10;п;
Ярослава Гашека, 9;Ярослава Гашека;9;1960;5;п;
пер.Мира, 10;пер.Мира;10;1956;2;ш/б;
проезд Жамбыла, 1б;проезд Жамбыла;1б;1995;9;п;
